time,sensor,data
12-25-2018 08:00:01,F10,460
12-25-2018 08:00:01,F1T,81.86
12-25-2018 08:00:01,F1H,32.90
12-25-2018 08:00:08,N10,384
12-25-2018 08:00:08,N11,320
12-25-2018 08:00:08,N12,295
12-25-2018 08:00:08,N1T,81.68
12-25-2018 08:00:08,N1H,99.90
12-25-2018 08:00:15,P10,491
12-25-2018 08:00:15,P11,413
12-25-2018 08:00:15,P12,379
12-25-2018 08:00:15,P1T,70.34
12-25-2018 08:00:15,P1H,61.80
12-25-2018 08:00:23,F20,539
12-25-2018 08:00:23,F2T,74.66
12-25-2018 08:00:23,F2H,46.90
12-25-2018 08:30:01,F10,461
12-25-2018 08:30:01,F1T,82.04
12-25-2018 08:30:01,F1H,32.70
12-25-2018 08:30:09,N10,383
12-25-2018 08:30:09,N11,317
12-25-2018 08:30:09,N12,289
12-25-2018 08:30:09,N1T,82.58
12-25-2018 08:30:09,N1H,99.90
12-25-2018 08:30:16,P10,493
12-25-2018 08:30:16,P11,407
12-25-2018 08:30:16,P12,376
12-25-2018 08:30:16,P1T,70.34
12-25-2018 08:30:16,P1H,59.60
12-25-2018 08:30:23,F20,539
12-25-2018 08:30:23,F2T,74.84
12-25-2018 08:30:23,F2H,46.50
12-25-2018 09:00:01,F10,455
12-25-2018 09:00:01,F1T,82.22
12-25-2018 09:00:01,F1H,32.40
12-25-2018 09:00:08,N10,384
12-25-2018 09:00:08,N11,316
12-25-2018 09:00:08,N12,292
12-25-2018 09:00:08,N1T,83.12
12-25-2018 09:00:08,N1H,99.90
12-25-2018 09:00:16,P10,493
12-25-2018 09:00:16,P11,407
12-25-2018 09:00:16,P12,374
12-25-2018 09:00:16,P1T,70.52
12-25-2018 09:00:16,P1H,59.30
12-25-2018 09:00:23,F20,539
12-25-2018 09:00:23,F2T,74.84
12-25-2018 09:00:23,F2H,46.30
12-25-2018 09:30:01,F10,466
12-25-2018 09:30:01,F1T,82.40
12-25-2018 09:30:01,F1H,32.00
12-25-2018 09:30:09,N10,379
12-25-2018 09:30:09,N11,317
12-25-2018 09:30:09,N12,289
12-25-2018 09:30:09,N1T,83.30
12-25-2018 09:30:09,N1H,99.90
12-25-2018 09:30:16,P10,495
12-25-2018 09:30:16,P11,408
12-25-2018 09:30:16,P12,376
12-25-2018 09:30:16,P1T,70.70
12-25-2018 09:30:16,P1H,57.40
12-25-2018 09:30:24,F20,541
12-25-2018 09:30:24,F2T,75.38
12-25-2018 09:30:24,F2H,46.10
12-25-2018 10:00:01,F10,464
12-25-2018 10:00:01,F1T,82.58
12-25-2018 10:00:01,F1H,32.00
12-25-2018 10:00:08,N10,381
12-25-2018 10:00:08,N11,314
12-25-2018 10:00:08,N12,290
12-25-2018 10:00:08,N1T,83.66
12-25-2018 10:00:08,N1H,99.90
12-25-2018 10:00:16,P10,497
12-25-2018 10:00:16,P11,414
12-25-2018 10:00:16,P12,375
12-25-2018 10:00:16,P1T,71.06
12-25-2018 10:00:16,P1H,56.30
12-25-2018 10:00:23,F20,538
12-25-2018 10:00:23,F2T,75.56
12-25-2018 10:00:23,F2H,45.90
12-25-2018 10:30:01,F10,465
12-25-2018 10:30:01,F1T,82.76
12-25-2018 10:30:01,F1H,32.20
12-25-2018 10:30:08,N10,377
12-25-2018 10:30:08,N11,315
12-25-2018 10:30:08,N12,288
12-25-2018 10:30:08,N1T,83.84
12-25-2018 10:30:08,N1H,99.90
12-25-2018 10:30:15,P10,494
12-25-2018 10:30:15,P11,411
12-25-2018 10:30:15,P12,377
12-25-2018 10:30:15,P1T,71.06
12-25-2018 10:30:15,P1H,55.20
12-25-2018 10:30:23,F20,536
12-25-2018 10:30:23,F2T,75.56
12-25-2018 10:30:23,F2H,46.00
12-25-2018 11:00:01,F10,469
12-25-2018 11:00:01,F1T,82.58
12-25-2018 11:00:01,F1H,32.00
12-25-2018 11:00:09,N10,378
12-25-2018 11:00:09,N11,317
12-25-2018 11:00:09,N12,288
12-25-2018 11:00:09,N1T,84.02
12-25-2018 11:00:09,N1H,99.90
12-25-2018 11:00:16,P10,493
12-25-2018 11:00:16,P11,405
12-25-2018 11:00:16,P12,375
12-25-2018 11:00:16,P1T,70.88
12-25-2018 11:00:16,P1H,56.30
12-25-2018 11:00:23,F20,537
12-25-2018 11:00:23,F2T,75.38
12-25-2018 11:00:23,F2H,45.90
12-25-2018 11:30:01,F10,474
12-25-2018 11:30:01,F1T,82.58
12-25-2018 11:30:01,F1H,32.00
12-25-2018 11:30:08,N10,379
12-25-2018 11:30:08,N11,318
12-25-2018 11:30:08,N12,288
12-25-2018 11:30:08,N1T,84.02
12-25-2018 11:30:08,N1H,99.90
12-25-2018 11:30:16,P10,489
12-25-2018 11:30:16,P11,409
12-25-2018 11:30:16,P12,375
12-25-2018 11:30:16,P1T,70.88
12-25-2018 11:30:16,P1H,54.50
12-25-2018 11:30:23,F20,537
12-25-2018 11:30:23,F2T,75.38
12-25-2018 11:30:23,F2H,45.80
12-25-2018 12:00:01,F10,476
12-25-2018 12:00:01,F1T,82.58
12-25-2018 12:00:01,F1H,32.00
12-25-2018 12:00:09,N10,378
12-25-2018 12:00:09,N11,318
12-25-2018 12:00:09,N12,287
12-25-2018 12:00:09,N1T,84.02
12-25-2018 12:00:09,N1H,99.90
12-25-2018 12:00:16,P10,490
12-25-2018 12:00:16,P11,407
12-25-2018 12:00:16,P12,372
12-25-2018 12:00:16,P1T,70.88
12-25-2018 12:00:16,P1H,54.50
12-25-2018 12:00:23,F20,542
12-25-2018 12:00:23,F2T,75.56
12-25-2018 12:00:23,F2H,46.00
12-25-2018 12:30:01,F10,475
12-25-2018 12:30:01,F1T,82.76
12-25-2018 12:30:01,F1H,32.30
12-25-2018 12:30:08,N10,380
12-25-2018 12:30:08,N11,320
12-25-2018 12:30:08,N12,290
12-25-2018 12:30:08,N1T,84.38
12-25-2018 12:30:08,N1H,99.90
12-25-2018 12:30:16,P10,498
12-25-2018 12:30:16,P11,407
12-25-2018 12:30:16,P12,374
12-25-2018 12:30:16,P1T,71.06
12-25-2018 12:30:16,P1H,55.40
12-25-2018 12:30:23,F20,544
12-25-2018 12:30:23,F2T,75.74
12-25-2018 12:30:23,F2H,46.10
12-25-2018 13:00:01,F10,483
12-25-2018 13:00:01,F1T,82.76
12-25-2018 13:00:01,F1H,32.40
12-25-2018 13:00:09,N10,371
12-25-2018 13:00:09,N11,318
12-25-2018 13:00:09,N12,293
12-25-2018 13:00:09,N1T,84.38
12-25-2018 13:00:09,N1H,99.90
12-25-2018 13:00:16,P10,502
12-25-2018 13:00:16,P11,412
12-25-2018 13:00:16,P12,376
12-25-2018 13:00:16,P1T,71.06
12-25-2018 13:00:16,P1H,56.30
12-25-2018 13:00:24,F20,544
12-25-2018 13:00:24,F2T,75.74
12-25-2018 13:00:24,F2H,46.40
12-25-2018 13:30:01,F10,487
12-25-2018 13:30:01,F1T,82.76
12-25-2018 13:30:01,F1H,32.70
12-25-2018 13:30:08,N10,368
12-25-2018 13:30:08,N11,319
12-25-2018 13:30:08,N12,293
12-25-2018 13:30:08,N1T,84.56
12-25-2018 13:30:08,N1H,99.90
12-25-2018 13:30:16,P10,501
12-25-2018 13:30:16,P11,409
12-25-2018 13:30:16,P12,374
12-25-2018 13:30:16,P1T,71.06
12-25-2018 13:30:16,P1H,58.10
12-25-2018 13:30:23,F20,544
12-25-2018 13:30:23,F2T,75.56
12-25-2018 13:30:23,F2H,46.80
12-25-2018 14:00:02,F10,491
12-25-2018 14:00:02,F1T,82.94
12-25-2018 14:00:02,F1H,32.70
12-25-2018 14:00:09,N10,380
12-25-2018 14:00:09,N11,317
12-25-2018 14:00:09,N12,293
12-25-2018 14:00:09,N1T,84.56
12-25-2018 14:00:09,N1H,99.90
12-25-2018 14:00:16,P10,501
12-25-2018 14:00:16,P11,410
12-25-2018 14:00:16,P12,380
12-25-2018 14:00:16,P1T,71.06
12-25-2018 14:00:16,P1H,59.40
12-25-2018 14:00:24,F20,549
12-25-2018 14:00:24,F2T,75.74
12-25-2018 14:00:24,F2H,46.90
12-25-2018 14:30:01,F10,490
12-25-2018 14:30:01,F1T,82.94
12-25-2018 14:30:01,F1H,32.60
12-25-2018 14:30:09,N10,379
12-25-2018 14:30:09,N11,317
12-25-2018 14:30:09,N12,293
12-25-2018 14:30:09,N1T,84.74
12-25-2018 14:30:09,N1H,99.90
12-25-2018 14:30:16,P10,499
12-25-2018 14:30:16,P11,414
12-25-2018 14:30:16,P12,377
12-25-2018 14:30:16,P1T,71.06
12-25-2018 14:30:16,P1H,58.40
12-25-2018 14:30:23,F20,552
12-25-2018 14:30:23,F2T,75.74
12-25-2018 14:30:23,F2H,46.90
12-25-2018 15:00:01,F10,498
12-25-2018 15:00:01,F1T,83.12
12-25-2018 15:00:01,F1H,32.70
12-25-2018 15:00:08,N10,377
12-25-2018 15:00:08,N11,316
12-25-2018 15:00:08,N12,291
12-25-2018 15:00:08,N1T,84.92
12-25-2018 15:00:08,N1H,99.90
12-25-2018 15:00:15,P10,505
12-25-2018 15:00:15,P11,409
12-25-2018 15:00:15,P12,368
12-25-2018 15:00:15,P1T,71.24
12-25-2018 15:00:15,P1H,58.80
12-25-2018 15:00:23,F20,553
12-25-2018 15:00:23,F2T,75.92
12-25-2018 15:00:23,F2H,46.70
12-25-2018 15:30:01,F10,504
12-25-2018 15:30:01,F1T,83.30
12-25-2018 15:30:01,F1H,32.90
12-25-2018 15:30:09,N10,381
12-25-2018 15:30:09,N11,315
12-25-2018 15:30:09,N12,292
12-25-2018 15:30:09,N1T,85.10
12-25-2018 15:30:09,N1H,99.90
12-25-2018 15:30:16,P10,488
12-25-2018 15:30:16,P11,414
12-25-2018 15:30:16,P12,369
12-25-2018 15:30:16,P1T,71.24
12-25-2018 15:30:16,P1H,57.90
12-25-2018 15:30:23,F20,557
12-25-2018 15:30:23,F2T,75.92
12-25-2018 15:30:23,F2H,46.80
12-25-2018 16:00:01,F10,510
12-25-2018 16:00:01,F1T,83.30
12-25-2018 16:00:01,F1H,33.10
12-25-2018 16:00:08,N10,378
12-25-2018 16:00:08,N11,315
12-25-2018 16:00:08,N12,290
12-25-2018 16:00:08,N1T,85.10
12-25-2018 16:00:08,N1H,99.90
12-25-2018 16:00:16,P10,486
12-25-2018 16:00:16,P11,415
12-25-2018 16:00:16,P12,371
12-25-2018 16:00:16,P1T,71.24
12-25-2018 16:00:16,P1H,60.50
12-25-2018 16:00:23,F20,555
12-25-2018 16:00:23,F2T,76.10
12-25-2018 16:00:23,F2H,46.80
12-25-2018 16:30:01,F10,509
12-25-2018 16:30:01,F1T,83.12
12-25-2018 16:30:01,F1H,32.90
12-25-2018 16:30:09,N10,373
12-25-2018 16:30:09,N11,313
12-25-2018 16:30:09,N12,290
12-25-2018 16:30:09,N1T,85.10
12-25-2018 16:30:09,N1H,99.90
12-25-2018 16:30:16,P10,498
12-25-2018 16:30:16,P11,410
12-25-2018 16:30:16,P12,373
12-25-2018 16:30:16,P1T,71.24
12-25-2018 16:30:16,P1H,62.40
12-25-2018 16:30:23,F20,558
12-25-2018 16:30:23,F2T,75.92
12-25-2018 16:30:23,F2H,46.70
12-25-2018 17:00:01,F10,516
12-25-2018 17:00:01,F1T,83.12
12-25-2018 17:00:01,F1H,32.60
12-25-2018 17:00:08,N10,377
12-25-2018 17:00:08,N11,315
12-25-2018 17:00:08,N12,291
12-25-2018 17:00:08,N1T,84.92
12-25-2018 17:00:08,N1H,99.90
12-25-2018 17:00:16,P10,503
12-25-2018 17:00:16,P11,414
12-25-2018 17:00:16,P12,374
12-25-2018 17:00:16,P1T,71.06
12-25-2018 17:00:16,P1H,63.90
12-25-2018 17:00:23,F20,561
12-25-2018 17:00:23,F2T,75.74
12-25-2018 17:00:23,F2H,46.30
12-25-2018 17:30:02,F10,511
12-25-2018 17:30:02,F1T,83.12
12-25-2018 17:30:02,F1H,32.40
12-25-2018 17:30:09,N10,375
12-25-2018 17:30:09,N11,318
12-25-2018 17:30:09,N12,290
12-25-2018 17:30:09,N1T,84.92
12-25-2018 17:30:09,N1H,99.90
12-25-2018 17:30:16,P10,494
12-25-2018 17:30:16,P11,422
12-25-2018 17:30:16,P12,377
12-25-2018 17:30:16,P1T,71.06
12-25-2018 17:30:16,P1H,61.20
12-25-2018 17:30:24,F20,561
12-25-2018 17:30:24,F2T,75.74
12-25-2018 17:30:24,F2H,46.10
12-25-2018 18:00:01,F10,522
12-25-2018 18:00:01,F1T,82.94
12-25-2018 18:00:01,F1H,32.30
12-25-2018 18:00:08,N10,380
12-25-2018 18:00:08,N11,314
12-25-2018 18:00:08,N12,292
12-25-2018 18:00:08,N1T,84.74
12-25-2018 18:00:08,N1H,99.90
12-25-2018 18:00:16,P10,494
12-25-2018 18:00:16,P11,406
12-25-2018 18:00:16,P12,375
12-25-2018 18:00:16,P1T,71.06
12-25-2018 18:00:16,P1H,63.20
12-25-2018 18:00:23,F20,568
12-25-2018 18:00:23,F2T,75.74
12-25-2018 18:00:23,F2H,45.80
12-25-2018 18:30:01,F10,523
12-25-2018 18:30:01,F1T,82.94
12-25-2018 18:30:01,F1H,32.20
12-25-2018 18:30:08,N10,376
12-25-2018 18:30:08,N11,315
12-25-2018 18:30:08,N12,289
12-25-2018 18:30:08,N1T,84.74
12-25-2018 18:30:08,N1H,99.90
12-25-2018 18:30:15,P10,494
12-25-2018 18:30:15,P11,412
12-25-2018 18:30:15,P12,372
12-25-2018 18:30:15,P1T,71.06
12-25-2018 18:30:15,P1H,60.90
12-25-2018 18:30:23,F20,567
12-25-2018 18:30:23,F2T,75.74
12-25-2018 18:30:23,F2H,45.60
12-25-2018 19:00:01,F10,544
12-25-2018 19:00:01,F1T,83.12
12-25-2018 19:00:01,F1H,32.40
12-25-2018 19:00:09,N10,384
12-25-2018 19:00:09,N11,318
12-25-2018 19:00:09,N12,292
12-25-2018 19:00:09,N1T,84.74
12-25-2018 19:00:09,N1H,99.90
12-25-2018 19:00:16,P10,500
12-25-2018 19:00:16,P11,406
12-25-2018 19:00:16,P12,377
12-25-2018 19:00:16,P1T,71.06
12-25-2018 19:00:16,P1H,60.20
12-25-2018 19:00:23,F20,578
12-25-2018 19:00:23,F2T,75.74
12-25-2018 19:00:23,F2H,45.50
12-25-2018 19:30:01,F10,549
12-25-2018 19:30:01,F1T,74.30
12-25-2018 19:30:01,F1H,43.10
12-25-2018 19:30:08,N10,383
12-25-2018 19:30:08,N11,316
12-25-2018 19:30:08,N12,292
12-25-2018 19:30:08,N1T,84.56
12-25-2018 19:30:08,N1H,99.90
12-25-2018 19:30:16,P10,503
12-25-2018 19:30:16,P11,413
12-25-2018 19:30:16,P12,378
12-25-2018 19:30:16,P1T,70.52
12-25-2018 19:30:16,P1H,55.60
12-25-2018 19:30:23,F20,581
12-25-2018 19:30:23,F2T,70.52
12-25-2018 19:30:23,F2H,49.00
12-25-2018 20:00:01,F10,558
12-25-2018 20:00:01,F1T,72.32
12-25-2018 20:00:01,F1H,45.70
12-25-2018 20:00:09,N10,389
12-25-2018 20:00:09,N11,321
12-25-2018 20:00:09,N12,294
12-25-2018 20:00:09,N1T,84.20
12-25-2018 20:00:09,N1H,99.90
12-25-2018 20:00:16,P10,517
12-25-2018 20:00:16,P11,410
12-25-2018 20:00:16,P12,380
12-25-2018 20:00:16,P1T,70.16
12-25-2018 20:00:16,P1H,58.30
12-25-2018 20:00:23,F20,586
12-25-2018 20:00:23,F2T,69.62
12-25-2018 20:00:23,F2H,50.30
12-25-2018 20:30:01,F10,555
12-25-2018 20:30:01,F1T,71.60
12-25-2018 20:30:01,F1H,46.10
12-25-2018 20:30:08,N10,391
12-25-2018 20:30:08,N11,319
12-25-2018 20:30:08,N12,293
12-25-2018 20:30:08,N1T,84.02
12-25-2018 20:30:08,N1H,99.90
12-25-2018 20:30:16,P10,503
12-25-2018 20:30:16,P11,413
12-25-2018 20:30:16,P12,379
12-25-2018 20:30:16,P1T,69.98
12-25-2018 20:30:16,P1H,60.60
12-25-2018 20:30:23,F20,582
12-25-2018 20:30:23,F2T,69.08
12-25-2018 20:30:23,F2H,51.00
12-25-2018 21:00:01,F10,565
12-25-2018 21:00:01,F1T,71.24
12-25-2018 21:00:01,F1H,46.50
12-25-2018 21:00:09,N10,398
12-25-2018 21:00:09,N11,319
12-25-2018 21:00:09,N12,295
12-25-2018 21:00:09,N1T,83.84
12-25-2018 21:00:09,N1H,99.90
12-25-2018 21:00:16,P10,505
12-25-2018 21:00:16,P11,413
12-25-2018 21:00:16,P12,376
12-25-2018 21:00:16,P1T,69.98
12-25-2018 21:00:16,P1H,59.50
12-25-2018 21:00:24,F20,586
12-25-2018 21:00:24,F2T,68.90
12-25-2018 21:00:24,F2H,51.50
12-25-2018 21:30:01,F10,571
12-25-2018 21:30:01,F1T,71.06
12-25-2018 21:30:01,F1H,46.40
12-25-2018 21:30:08,N10,394
12-25-2018 21:30:08,N11,320
12-25-2018 21:30:08,N12,295
12-25-2018 21:30:08,N1T,83.84
12-25-2018 21:30:08,N1H,99.90
12-25-2018 21:30:16,P10,502
12-25-2018 21:30:16,P11,418
12-25-2018 21:30:16,P12,371
12-25-2018 21:30:16,P1T,69.98
12-25-2018 21:30:16,P1H,56.50
12-25-2018 21:30:23,F20,588
12-25-2018 21:30:23,F2T,68.54
12-25-2018 21:30:23,F2H,51.70
12-25-2018 22:00:02,F10,569
12-25-2018 22:00:02,F1T,70.88
12-25-2018 22:00:02,F1H,46.40
12-25-2018 22:00:09,N10,400
12-25-2018 22:00:09,N11,322
12-25-2018 22:00:09,N12,298
12-25-2018 22:00:09,N1T,83.66
12-25-2018 22:00:09,N1H,99.90
12-25-2018 22:00:16,P10,502
12-25-2018 22:00:16,P11,420
12-25-2018 22:00:16,P12,379
12-25-2018 22:00:16,P1T,69.98
12-25-2018 22:00:16,P1H,57.00
12-25-2018 22:00:24,F20,592
12-25-2018 22:00:24,F2T,68.54
12-25-2018 22:00:24,F2H,52.00
12-25-2018 22:30:01,F10,570
12-25-2018 22:30:01,F1T,70.88
12-25-2018 22:30:01,F1H,46.40
12-25-2018 22:30:09,N10,395
12-25-2018 22:30:09,N11,319
12-25-2018 22:30:09,N12,297
12-25-2018 22:30:09,N1T,83.66
12-25-2018 22:30:09,N1H,99.90
12-25-2018 22:30:16,P10,512
12-25-2018 22:30:16,P11,422
12-25-2018 22:30:16,P12,375
12-25-2018 22:30:16,P1T,69.98
12-25-2018 22:30:16,P1H,58.70
12-25-2018 22:30:23,F20,594
12-25-2018 22:30:23,F2T,68.36
12-25-2018 22:30:23,F2H,52.00
12-25-2018 23:00:01,F10,577
12-25-2018 23:00:01,F1T,70.70
12-25-2018 23:00:01,F1H,46.40
12-25-2018 23:00:08,N10,394
12-25-2018 23:00:08,N11,322
12-25-2018 23:00:08,N12,296
12-25-2018 23:00:08,N1T,83.66
12-25-2018 23:00:08,N1H,99.90
12-25-2018 23:00:15,P10,501
12-25-2018 23:00:15,P11,418
12-25-2018 23:00:15,P12,374
12-25-2018 23:00:15,P1T,69.98
12-25-2018 23:00:15,P1H,55.70
12-25-2018 23:00:23,F20,589
12-25-2018 23:00:23,F2T,68.18
12-25-2018 23:00:23,F2H,52.20
12-25-2018 23:30:01,F10,584
12-25-2018 23:30:01,F1T,70.88
12-25-2018 23:30:01,F1H,46.20
12-25-2018 23:30:09,N10,404
12-25-2018 23:30:09,N11,322
12-25-2018 23:30:09,N12,297
12-25-2018 23:30:09,N1T,83.66
12-25-2018 23:30:09,N1H,99.90
12-25-2018 23:30:16,P10,499
12-25-2018 23:30:16,P11,417
12-25-2018 23:30:16,P12,376
12-25-2018 23:30:16,P1T,69.80
12-25-2018 23:30:16,P1H,60.60
12-25-2018 23:30:23,F20,593
12-25-2018 23:30:23,F2T,68.18
12-25-2018 23:30:23,F2H,52.20
12-26-2018 00:00:01,F10,594
12-26-2018 00:00:01,F1T,70.70
12-26-2018 00:00:01,F1H,46.10
12-26-2018 00:00:08,N10,410
12-26-2018 00:00:08,N11,324
12-26-2018 00:00:08,N12,301
12-26-2018 00:00:08,N1T,83.66
12-26-2018 00:00:08,N1H,99.90
12-26-2018 00:00:16,P10,508
12-26-2018 00:00:16,P11,427
12-26-2018 00:00:16,P12,377
12-26-2018 00:00:16,P1T,69.80
12-26-2018 00:00:16,P1H,57.10
12-26-2018 00:00:23,F20,596
12-26-2018 00:00:23,F2T,68.18
12-26-2018 00:00:23,F2H,52.20
12-26-2018 00:30:01,F10,586
12-26-2018 00:30:01,F1T,70.70
12-26-2018 00:30:01,F1H,46.50
12-26-2018 00:30:09,N10,418
12-26-2018 00:30:09,N11,325
12-26-2018 00:30:09,N12,300
12-26-2018 00:30:09,N1T,83.66
12-26-2018 00:30:09,N1H,99.90
12-26-2018 00:30:16,P10,519
12-26-2018 00:30:16,P11,421
12-26-2018 00:30:16,P12,373
12-26-2018 00:30:16,P1T,69.80
12-26-2018 00:30:16,P1H,58.40
12-26-2018 00:30:24,F20,598
12-26-2018 00:30:24,F2T,68.18
12-26-2018 00:30:24,F2H,52.30
12-26-2018 01:00:01,F10,599
12-26-2018 01:00:01,F1T,70.70
12-26-2018 01:00:01,F1H,46.60
12-26-2018 01:00:08,N10,489
12-26-2018 01:00:08,N11,334
12-26-2018 01:00:08,N12,318
12-26-2018 01:00:08,N1T,83.48
12-26-2018 01:00:08,N1H,99.90
12-26-2018 01:00:16,P10,508
12-26-2018 01:00:16,P11,426
12-26-2018 01:00:16,P12,379
12-26-2018 01:00:16,P1T,69.44
12-26-2018 01:00:16,P1H,59.60
12-26-2018 01:00:23,F20,598
12-26-2018 01:00:23,F2T,68.18
12-26-2018 01:00:23,F2H,52.10
12-26-2018 01:30:02,F10,586
12-26-2018 01:30:02,F1T,70.70
12-26-2018 01:30:02,F1H,46.60
12-26-2018 01:30:09,N10,432
12-26-2018 01:30:09,N11,332
12-26-2018 01:30:09,N12,303
12-26-2018 01:30:09,N1T,81.86
12-26-2018 01:30:09,N1H,99.90
12-26-2018 01:30:16,P10,508
12-26-2018 01:30:16,P11,422
12-26-2018 01:30:16,P12,381
12-26-2018 01:30:16,P1T,69.26
12-26-2018 01:30:16,P1H,60.70
12-26-2018 01:30:24,F20,598
12-26-2018 01:30:24,F2T,68.00
12-26-2018 01:30:24,F2H,52.00
12-26-2018 02:00:01,F10,587
12-26-2018 02:00:01,F1T,70.52
12-26-2018 02:00:01,F1H,46.50
12-26-2018 02:00:09,N10,432
12-26-2018 02:00:09,N11,329
12-26-2018 02:00:09,N12,302
12-26-2018 02:00:09,N1T,81.14
12-26-2018 02:00:09,N1H,99.90
12-26-2018 02:00:16,P10,502
12-26-2018 02:00:16,P11,417
12-26-2018 02:00:16,P12,378
12-26-2018 02:00:16,P1T,69.08
12-26-2018 02:00:16,P1H,56.60
12-26-2018 02:00:23,F20,598
12-26-2018 02:00:23,F2T,68.00
12-26-2018 02:00:23,F2H,51.80
12-26-2018 02:30:01,F10,599
12-26-2018 02:30:01,F1T,70.52
12-26-2018 02:30:01,F1H,46.50
12-26-2018 02:30:08,N10,390
12-26-2018 02:30:08,N11,328
12-26-2018 02:30:08,N12,300
12-26-2018 02:30:08,N1T,80.60
12-26-2018 02:30:08,N1H,99.90
12-26-2018 02:30:15,P10,505
12-26-2018 02:30:15,P11,426
12-26-2018 02:30:15,P12,377
12-26-2018 02:30:15,P1T,69.08
12-26-2018 02:30:15,P1H,55.80
12-26-2018 02:30:23,F20,600
12-26-2018 02:30:23,F2T,68.00
12-26-2018 02:30:23,F2H,51.70
12-26-2018 03:00:01,F10,599
12-26-2018 03:00:01,F1T,70.34
12-26-2018 03:00:01,F1H,46.50
12-26-2018 03:00:09,N10,392
12-26-2018 03:00:09,N11,330
12-26-2018 03:00:09,N12,301
12-26-2018 03:00:09,N1T,80.24
12-26-2018 03:00:09,N1H,99.90
12-26-2018 03:00:16,P10,502
12-26-2018 03:00:16,P11,430
12-26-2018 03:00:16,P12,374
12-26-2018 03:00:16,P1T,69.08
12-26-2018 03:00:16,P1H,55.70
12-26-2018 03:00:23,F20,603
12-26-2018 03:00:23,F2T,67.82
12-26-2018 03:00:23,F2H,51.80
12-26-2018 03:30:01,F10,609
12-26-2018 03:30:01,F1T,70.52
12-26-2018 03:30:01,F1H,46.70
12-26-2018 03:30:08,N10,394
12-26-2018 03:30:08,N11,329
12-26-2018 03:30:08,N12,304
12-26-2018 03:30:08,N1T,80.06
12-26-2018 03:30:08,N1H,99.90
12-26-2018 03:30:16,P10,519
12-26-2018 03:30:16,P11,427
12-26-2018 03:30:16,P12,377
12-26-2018 03:30:16,P1T,69.08
12-26-2018 03:30:16,P1H,58.10
12-26-2018 03:30:23,F20,601
12-26-2018 03:30:23,F2T,67.82
12-26-2018 03:30:23,F2H,51.90
12-26-2018 04:00:01,F10,604
12-26-2018 04:00:01,F1T,70.52
12-26-2018 04:00:01,F1H,46.80
12-26-2018 04:00:09,N10,401
12-26-2018 04:00:09,N11,330
12-26-2018 04:00:09,N12,307
12-26-2018 04:00:09,N1T,79.88
12-26-2018 04:00:09,N1H,99.90
12-26-2018 04:00:16,P10,504
12-26-2018 04:00:16,P11,425
12-26-2018 04:00:16,P12,382
12-26-2018 04:00:16,P1T,69.08
12-26-2018 04:00:16,P1H,57.00
12-26-2018 04:00:23,F20,603
12-26-2018 04:00:23,F2T,67.82
12-26-2018 04:00:23,F2H,51.90
12-26-2018 04:30:01,F10,608
12-26-2018 04:30:01,F1T,70.34
12-26-2018 04:30:01,F1H,46.70
12-26-2018 04:30:08,N10,413
12-26-2018 04:30:08,N11,329
12-26-2018 04:30:08,N12,307
12-26-2018 04:30:08,N1T,79.70
12-26-2018 04:30:08,N1H,99.90
12-26-2018 04:30:16,P10,519
12-26-2018 04:30:16,P11,430
12-26-2018 04:30:16,P12,382
12-26-2018 04:30:16,P1T,69.08
12-26-2018 04:30:16,P1H,55.80
12-26-2018 04:30:23,F20,600
12-26-2018 04:30:23,F2T,67.82
12-26-2018 04:30:23,F2H,51.80
12-26-2018 05:00:01,F10,618
12-26-2018 05:00:01,F1T,70.34
12-26-2018 05:00:01,F1H,46.70
12-26-2018 05:00:09,N10,413
12-26-2018 05:00:09,N11,332
12-26-2018 05:00:09,N12,310
12-26-2018 05:00:09,N1T,79.52
12-26-2018 05:00:09,N1H,99.90
12-26-2018 05:00:16,P10,519
12-26-2018 05:00:16,P11,422
12-26-2018 05:00:16,P12,379
12-26-2018 05:00:16,P1T,68.90
12-26-2018 05:00:16,P1H,57.20
12-26-2018 05:00:24,F20,599
12-26-2018 05:00:24,F2T,67.82
12-26-2018 05:00:24,F2H,52.00
12-26-2018 05:30:01,F10,600
12-26-2018 05:30:01,F1T,70.16
12-26-2018 05:30:01,F1H,46.70
12-26-2018 05:30:08,N10,424
12-26-2018 05:30:08,N11,334
12-26-2018 05:30:08,N12,315
12-26-2018 05:30:08,N1T,79.34
12-26-2018 05:30:08,N1H,99.90
12-26-2018 05:30:16,P10,528
12-26-2018 05:30:16,P11,431
12-26-2018 05:30:16,P12,381
12-26-2018 05:30:16,P1T,69.08
12-26-2018 05:30:16,P1H,55.30
12-26-2018 05:30:23,F20,602
12-26-2018 05:30:23,F2T,67.82
12-26-2018 05:30:23,F2H,51.90
12-26-2018 06:00:02,F10,593
12-26-2018 06:00:02,F1T,80.42
12-26-2018 06:00:02,F1H,34.20
12-26-2018 06:00:09,N10,422
12-26-2018 06:00:09,N11,333
12-26-2018 06:00:09,N12,312
12-26-2018 06:00:09,N1T,79.34
12-26-2018 06:00:09,N1H,99.90
12-26-2018 06:00:16,P10,523
12-26-2018 06:00:16,P11,426
12-26-2018 06:00:16,P12,384
12-26-2018 06:00:16,P1T,69.44
12-26-2018 06:00:16,P1H,59.90
12-26-2018 06:00:24,F20,601
12-26-2018 06:00:24,F2T,67.82
12-26-2018 06:00:24,F2H,52.40
12-26-2018 06:30:01,F10,580
12-26-2018 06:30:01,F1T,81.50
12-26-2018 06:30:01,F1H,32.40
12-26-2018 06:30:09,N10,423
12-26-2018 06:30:09,N11,337
12-26-2018 06:30:09,N12,314
12-26-2018 06:30:09,N1T,79.34
12-26-2018 06:30:09,N1H,99.90
12-26-2018 06:30:16,P10,518
12-26-2018 06:30:16,P11,427
12-26-2018 06:30:16,P12,380
12-26-2018 06:30:16,P1T,69.62
12-26-2018 06:30:16,P1H,58.00
12-26-2018 06:30:23,F20,603
12-26-2018 06:30:23,F2T,67.82
12-26-2018 06:30:23,F2H,52.50
12-26-2018 07:00:01,F10,582
12-26-2018 07:00:01,F1T,82.04
12-26-2018 07:00:01,F1H,32.10
12-26-2018 07:00:08,N10,431
12-26-2018 07:00:08,N11,337
12-26-2018 07:00:08,N12,317
12-26-2018 07:00:08,N1T,79.52
12-26-2018 07:00:08,N1H,99.90
12-26-2018 07:00:16,P10,517
12-26-2018 07:00:16,P11,428
12-26-2018 07:00:16,P12,384
12-26-2018 07:00:16,P1T,70.16
12-26-2018 07:00:16,P1H,65.50
12-26-2018 07:00:23,F20,598
12-26-2018 07:00:23,F2T,68.18
12-26-2018 07:00:23,F2H,52.50
12-26-2018 07:30:01,F10,588
12-26-2018 07:30:01,F1T,82.40
12-26-2018 07:30:01,F1H,31.90
12-26-2018 07:30:09,N10,430
12-26-2018 07:30:09,N11,333
12-26-2018 07:30:09,N12,312
12-26-2018 07:30:09,N1T,81.68
12-26-2018 07:30:09,N1H,99.90
12-26-2018 07:30:16,P10,505
12-26-2018 07:30:16,P11,432
12-26-2018 07:30:16,P12,381
12-26-2018 07:30:16,P1T,70.52
12-26-2018 07:30:16,P1H,60.40
12-26-2018 07:30:23,F20,595
12-26-2018 07:30:23,F2T,74.30
12-26-2018 07:30:23,F2H,46.50
12-26-2018 08:00:01,F10,589
12-26-2018 08:00:01,F1T,82.58
12-26-2018 08:00:01,F1H,31.90
12-26-2018 08:00:08,N10,404
12-26-2018 08:00:08,N11,330
12-26-2018 08:00:08,N12,306
12-26-2018 08:00:08,N1T,82.58
12-26-2018 08:00:08,N1H,99.90
12-26-2018 08:00:16,P10,512
12-26-2018 08:00:16,P11,429
12-26-2018 08:00:16,P12,377
12-26-2018 08:00:16,P1T,70.70
12-26-2018 08:00:16,P1H,60.10
12-26-2018 08:00:23,F20,593
12-26-2018 08:00:23,F2T,75.02
12-26-2018 08:00:23,F2H,45.60
12-26-2018 08:30:02,F10,592
12-26-2018 08:30:02,F1T,82.76
12-26-2018 08:30:02,F1H,31.90
12-26-2018 08:30:09,N10,396
12-26-2018 08:30:09,N11,330
12-26-2018 08:30:09,N12,303
12-26-2018 08:30:09,N1T,83.30
12-26-2018 08:30:09,N1H,99.90
12-26-2018 08:30:16,P10,512
12-26-2018 08:30:16,P11,426
12-26-2018 08:30:16,P12,381
12-26-2018 08:30:16,P1T,70.88
12-26-2018 08:30:16,P1H,58.50
12-26-2018 08:30:24,F20,591
12-26-2018 08:30:24,F2T,75.20
12-26-2018 08:30:24,F2H,45.60
12-26-2018 09:00:01,F10,592
12-26-2018 09:00:01,F1T,82.94
12-26-2018 09:00:01,F1H,31.80
12-26-2018 09:00:09,N10,418
12-26-2018 09:00:09,N11,331
12-26-2018 09:00:09,N12,313
12-26-2018 09:00:09,N1T,83.84
12-26-2018 09:00:09,N1H,99.90
12-26-2018 09:00:16,P10,519
12-26-2018 09:00:16,P11,425
12-26-2018 09:00:16,P12,383
12-26-2018 09:00:16,P1T,71.24
12-26-2018 09:00:16,P1H,54.50
12-26-2018 09:00:23,F20,593
12-26-2018 09:00:23,F2T,75.38
12-26-2018 09:00:23,F2H,45.40
12-26-2018 09:30:01,F10,598
12-26-2018 09:30:01,F1T,83.12
12-26-2018 09:30:01,F1H,31.70
12-26-2018 09:30:08,N10,407
12-26-2018 09:30:08,N11,326
12-26-2018 09:30:08,N12,305
12-26-2018 09:30:08,N1T,84.02
12-26-2018 09:30:08,N1H,99.90
12-26-2018 09:30:15,P10,504
12-26-2018 09:30:15,P11,424
12-26-2018 09:30:15,P12,376
12-26-2018 09:30:15,P1T,71.24
12-26-2018 09:30:15,P1H,54.10
12-26-2018 09:30:23,F20,591
12-26-2018 09:30:23,F2T,75.56
12-26-2018 09:30:23,F2H,45.50
12-26-2018 10:00:01,F10,600
12-26-2018 10:00:01,F1T,83.30
12-26-2018 10:00:01,F1H,31.90
12-26-2018 10:00:09,N10,383
12-26-2018 10:00:09,N11,322
12-26-2018 10:00:09,N12,299
12-26-2018 10:00:09,N1T,84.38
12-26-2018 10:00:09,N1H,99.90
12-26-2018 10:00:16,P10,500
12-26-2018 10:00:16,P11,425
12-26-2018 10:00:16,P12,377
12-26-2018 10:00:16,P1T,71.42
12-26-2018 10:00:16,P1H,54.90
12-26-2018 10:00:23,F20,597
12-26-2018 10:00:23,F2T,75.92
12-26-2018 10:00:23,F2H,46.10
12-26-2018 10:30:01,F10,597
12-26-2018 10:30:01,F1T,83.48
12-26-2018 10:30:01,F1H,31.70
12-26-2018 10:30:08,N10,401
12-26-2018 10:30:08,N11,323
12-26-2018 10:30:08,N12,298
12-26-2018 10:30:08,N1T,84.74
12-26-2018 10:30:08,N1H,99.90
12-26-2018 10:30:16,P10,504
12-26-2018 10:30:16,P11,421
12-26-2018 10:30:16,P12,376
12-26-2018 10:30:16,P1T,71.60
12-26-2018 10:30:16,P1H,55.40
12-26-2018 10:30:23,F20,597
12-26-2018 10:30:23,F2T,75.92
12-26-2018 10:30:23,F2H,45.30
12-26-2018 11:00:01,F10,589
12-26-2018 11:00:01,F1T,83.66
12-26-2018 11:00:01,F1H,31.50
12-26-2018 11:00:09,N10,403
12-26-2018 11:00:09,N11,325
12-26-2018 11:00:09,N12,300
12-26-2018 11:00:09,N1T,84.92
12-26-2018 11:00:09,N1H,99.90
12-26-2018 11:00:16,P10,506
12-26-2018 11:00:16,P11,426
12-26-2018 11:00:16,P12,375
12-26-2018 11:00:16,P1T,71.60
12-26-2018 11:00:16,P1H,58.50
12-26-2018 11:00:23,F20,595
12-26-2018 11:00:23,F2T,75.92
12-26-2018 11:00:23,F2H,45.00
12-26-2018 11:30:01,F10,608
12-26-2018 11:30:01,F1T,83.66
12-26-2018 11:30:01,F1H,31.30
12-26-2018 11:30:08,N10,426
12-26-2018 11:30:08,N11,325
12-26-2018 11:30:08,N12,304
12-26-2018 11:30:08,N1T,84.92
12-26-2018 11:30:08,N1H,99.90
12-26-2018 11:30:16,P10,511
12-26-2018 11:30:16,P11,423
12-26-2018 11:30:16,P12,372
12-26-2018 11:30:16,P1T,71.78
12-26-2018 11:30:16,P1H,58.20
12-26-2018 11:30:23,F20,600
12-26-2018 11:30:23,F2T,76.10
12-26-2018 11:30:23,F2H,45.00
12-26-2018 12:00:01,F10,611
12-26-2018 12:00:01,F1T,83.66
12-26-2018 12:00:01,F1H,31.50
12-26-2018 12:00:09,N10,419
12-26-2018 12:00:09,N11,324
12-26-2018 12:00:09,N12,299
12-26-2018 12:00:09,N1T,85.10
12-26-2018 12:00:09,N1H,99.90
12-26-2018 12:00:16,P10,515
12-26-2018 12:00:16,P11,428
12-26-2018 12:00:16,P12,371
12-26-2018 12:00:16,P1T,71.60
12-26-2018 12:00:16,P1H,59.40
12-26-2018 12:00:24,F20,598
12-26-2018 12:00:24,F2T,76.10
12-26-2018 12:00:24,F2H,44.80
12-26-2018 12:30:01,F10,607
12-26-2018 12:30:01,F1T,83.48
12-26-2018 12:30:01,F1H,31.10
12-26-2018 12:30:08,N10,367
12-26-2018 12:30:08,N11,321
12-26-2018 12:30:08,N12,288
12-26-2018 12:30:08,N1T,85.10
12-26-2018 12:30:08,N1H,99.90
12-26-2018 12:30:16,P10,517
12-26-2018 12:30:16,P11,426
12-26-2018 12:30:16,P12,377
12-26-2018 12:30:16,P1T,71.60
12-26-2018 12:30:16,P1H,58.80
12-26-2018 12:30:23,F20,599
12-26-2018 12:30:23,F2T,76.28
12-26-2018 12:30:23,F2H,44.50
12-26-2018 13:00:02,F10,479
12-26-2018 13:00:02,F1T,82.94
12-26-2018 13:00:02,F1H,33.70
12-26-2018 13:00:09,N10,384
12-26-2018 13:00:09,N11,326
12-26-2018 13:00:09,N12,307
12-26-2018 13:00:09,N1T,85.46
12-26-2018 13:00:09,N1H,99.90
12-26-2018 13:00:16,P10,498
12-26-2018 13:00:16,P11,434
12-26-2018 13:00:16,P12,387
12-26-2018 13:00:16,P1T,71.60
12-26-2018 13:00:16,P1H,61.00
12-26-2018 13:00:24,F20,475
12-26-2018 13:00:24,F2T,75.38
12-26-2018 13:00:24,F2H,43.90
12-26-2018 13:30:01,F10,479
12-26-2018 13:30:01,F1T,82.76
12-26-2018 13:30:01,F1H,32.80
12-26-2018 13:30:09,N10,416
12-26-2018 13:30:09,N11,320
12-26-2018 13:30:09,N12,294
12-26-2018 13:30:09,N1T,85.28
12-26-2018 13:30:09,N1H,99.90
12-26-2018 13:30:16,P10,508
12-26-2018 13:30:16,P11,427
12-26-2018 13:30:16,P12,370
12-26-2018 13:30:16,P1T,71.60
12-26-2018 13:30:16,P1H,59.90
12-26-2018 13:30:23,F20,493
12-26-2018 13:30:23,F2T,75.92
12-26-2018 13:30:23,F2H,46.00
12-26-2018 14:00:01,F10,480
12-26-2018 14:00:01,F1T,82.94
12-26-2018 14:00:01,F1H,32.20
12-26-2018 14:00:08,N10,418
12-26-2018 14:00:08,N11,322
12-26-2018 14:00:08,N12,293
12-26-2018 14:00:08,N1T,85.46
12-26-2018 14:00:08,N1H,99.90
12-26-2018 14:00:15,P10,496
12-26-2018 14:00:15,P11,424
12-26-2018 14:00:15,P12,371
12-26-2018 14:00:15,P1T,71.42
12-26-2018 14:00:15,P1H,58.60
12-26-2018 14:00:23,F20,535
12-26-2018 14:00:23,F2T,76.10
12-26-2018 14:00:23,F2H,46.20
12-26-2018 14:30:01,F10,484
12-26-2018 14:30:01,F1T,83.12
12-26-2018 14:30:01,F1H,32.00
12-26-2018 14:30:09,N10,411
12-26-2018 14:30:09,N11,323
12-26-2018 14:30:09,N12,292
12-26-2018 14:30:09,N1T,85.46
12-26-2018 14:30:09,N1H,99.90
12-26-2018 14:30:16,P10,507
12-26-2018 14:30:16,P11,426
12-26-2018 14:30:16,P12,370
12-26-2018 14:30:16,P1T,71.60
12-26-2018 14:30:16,P1H,59.00
12-26-2018 14:30:23,F20,549
12-26-2018 14:30:23,F2T,76.28
12-26-2018 14:30:23,F2H,45.40
12-26-2018 15:00:01,F10,486
12-26-2018 15:00:01,F1T,83.12
12-26-2018 15:00:01,F1H,32.20
12-26-2018 15:00:08,N10,407
12-26-2018 15:00:08,N11,321
12-26-2018 15:00:08,N12,290
12-26-2018 15:00:08,N1T,85.28
12-26-2018 15:00:08,N1H,99.90
12-26-2018 15:00:16,P10,505
12-26-2018 15:00:16,P11,435
12-26-2018 15:00:16,P12,375
12-26-2018 15:00:16,P1T,71.60
12-26-2018 15:00:16,P1H,59.10
12-26-2018 15:00:23,F20,546
12-26-2018 15:00:23,F2T,75.74
12-26-2018 15:00:23,F2H,47.00
12-26-2018 15:30:01,F10,489
12-26-2018 15:30:01,F1T,83.12
12-26-2018 15:30:01,F1H,32.10
12-26-2018 15:30:09,N10,431
12-26-2018 15:30:09,N11,326
12-26-2018 15:30:09,N12,293
12-26-2018 15:30:09,N1T,85.10
12-26-2018 15:30:09,N1H,99.90
12-26-2018 15:30:16,P10,491
12-26-2018 15:30:16,P11,420
12-26-2018 15:30:16,P12,374
12-26-2018 15:30:16,P1T,71.42
12-26-2018 15:30:16,P1H,60.40
12-26-2018 15:30:23,F20,553
12-26-2018 15:30:23,F2T,75.74
12-26-2018 15:30:23,F2H,46.40
12-26-2018 16:00:01,F10,489
12-26-2018 16:00:01,F1T,83.12
12-26-2018 16:00:01,F1H,32.10
12-26-2018 16:00:08,N10,436
12-26-2018 16:00:08,N11,324
12-26-2018 16:00:08,N12,297
12-26-2018 16:00:08,N1T,84.92
12-26-2018 16:00:08,N1H,99.90
12-26-2018 16:00:16,P10,516
12-26-2018 16:00:16,P11,416
12-26-2018 16:00:16,P12,379
12-26-2018 16:00:16,P1T,71.42
12-26-2018 16:00:16,P1H,59.20
12-26-2018 16:00:23,F20,554
12-26-2018 16:00:23,F2T,75.56
12-26-2018 16:00:23,F2H,47.20
12-26-2018 16:30:01,F10,492
12-26-2018 16:30:01,F1T,83.48
12-26-2018 16:30:01,F1H,32.30
12-26-2018 16:30:09,N10,433
12-26-2018 16:30:09,N11,327
12-26-2018 16:30:09,N12,307
12-26-2018 16:30:09,N1T,85.28
12-26-2018 16:30:09,N1H,99.90
12-26-2018 16:30:16,P10,516
12-26-2018 16:30:16,P11,441
12-26-2018 16:30:16,P12,384
12-26-2018 16:30:16,P1T,71.60
12-26-2018 16:30:16,P1H,58.20
12-26-2018 16:30:24,F20,535
12-26-2018 16:30:24,F2T,76.46
12-26-2018 16:30:24,F2H,46.70
12-26-2018 17:00:01,F10,488
12-26-2018 17:00:01,F1T,83.66
12-26-2018 17:00:01,F1H,32.40
12-26-2018 17:00:08,N10,438
12-26-2018 17:00:08,N11,324
12-26-2018 17:00:08,N12,294
12-26-2018 17:00:08,N1T,85.46
12-26-2018 17:00:08,N1H,99.90
12-26-2018 17:00:16,P10,505
12-26-2018 17:00:16,P11,427
12-26-2018 17:00:16,P12,369
12-26-2018 17:00:16,P1T,71.60
12-26-2018 17:00:16,P1H,57.30
12-26-2018 17:00:23,F20,541
12-26-2018 17:00:23,F2T,76.10
12-26-2018 17:00:23,F2H,47.70
12-26-2018 17:30:01,F10,491
12-26-2018 17:30:01,F1T,83.84
12-26-2018 17:30:01,F1H,32.50
12-26-2018 17:30:08,N10,436
12-26-2018 17:30:08,N11,324
12-26-2018 17:30:08,N12,291
12-26-2018 17:30:08,N1T,85.64
12-26-2018 17:30:08,N1H,99.90
12-26-2018 17:30:15,P10,514
12-26-2018 17:30:15,P11,428
12-26-2018 17:30:15,P12,372
12-26-2018 17:30:15,P1T,71.78
12-26-2018 17:30:15,P1H,56.40
12-26-2018 17:30:23,F20,566
12-26-2018 17:30:23,F2T,76.10
12-26-2018 17:30:23,F2H,47.90
12-26-2018 18:00:01,F10,493
12-26-2018 18:00:01,F1T,83.84
12-26-2018 18:00:01,F1H,32.40
12-26-2018 18:00:09,N10,440
12-26-2018 18:00:09,N11,327
12-26-2018 18:00:09,N12,291
12-26-2018 18:00:09,N1T,85.46
12-26-2018 18:00:09,N1H,99.90
12-26-2018 18:00:16,P10,507
12-26-2018 18:00:16,P11,427
12-26-2018 18:00:16,P12,372
12-26-2018 18:00:16,P1T,71.96
12-26-2018 18:00:16,P1H,57.00
12-26-2018 18:00:23,F20,569
12-26-2018 18:00:23,F2T,76.10
12-26-2018 18:00:23,F2H,47.70
12-26-2018 18:30:01,F10,492
12-26-2018 18:30:01,F1T,83.84
12-26-2018 18:30:01,F1H,32.20
12-26-2018 18:30:08,N10,447
12-26-2018 18:30:08,N11,325
12-26-2018 18:30:08,N12,293
12-26-2018 18:30:08,N1T,85.46
12-26-2018 18:30:08,N1H,99.90
12-26-2018 18:30:16,P10,515
12-26-2018 18:30:16,P11,433
12-26-2018 18:30:16,P12,379
12-26-2018 18:30:16,P1T,71.96
12-26-2018 18:30:16,P1H,57.80
12-26-2018 18:30:23,F20,566
12-26-2018 18:30:23,F2T,76.10
12-26-2018 18:30:23,F2H,46.90
12-26-2018 19:00:01,F10,505
12-26-2018 19:00:01,F1T,83.84
12-26-2018 19:00:01,F1H,32.20
12-26-2018 19:00:09,N10,443
12-26-2018 19:00:09,N11,324
12-26-2018 19:00:09,N12,296
12-26-2018 19:00:09,N1T,85.46
12-26-2018 19:00:09,N1H,99.90
12-26-2018 19:00:16,P10,526
12-26-2018 19:00:16,P11,437
12-26-2018 19:00:16,P12,376
12-26-2018 19:00:16,P1T,71.96
12-26-2018 19:00:16,P1H,58.80
12-26-2018 19:00:23,F20,571
12-26-2018 19:00:23,F2T,75.92
12-26-2018 19:00:23,F2H,46.90
12-26-2018 19:30:01,F10,528
12-26-2018 19:30:01,F1T,73.22
12-26-2018 19:30:01,F1H,45.60
12-26-2018 19:30:08,N10,445
12-26-2018 19:30:08,N11,330
12-26-2018 19:30:08,N12,305
12-26-2018 19:30:08,N1T,85.28
12-26-2018 19:30:08,N1H,99.90
12-26-2018 19:30:16,P10,499
12-26-2018 19:30:16,P11,442
12-26-2018 19:30:16,P12,382
12-26-2018 19:30:16,P1T,71.06
12-26-2018 19:30:16,P1H,61.50
12-26-2018 19:30:23,F20,568
12-26-2018 19:30:23,F2T,69.44
12-26-2018 19:30:23,F2H,56.00
12-26-2018 20:00:01,F10,530
12-26-2018 20:00:01,F1T,72.86
12-26-2018 20:00:01,F1H,45.80
12-26-2018 20:00:09,N10,373
12-26-2018 20:00:09,N11,318
12-26-2018 20:00:09,N12,289
12-26-2018 20:00:09,N1T,85.46
12-26-2018 20:00:09,N1H,99.90
12-26-2018 20:00:16,P10,515
12-26-2018 20:00:16,P11,432
12-26-2018 20:00:16,P12,374
12-26-2018 20:00:16,P1T,71.06
12-26-2018 20:00:16,P1H,61.00
12-26-2018 20:00:24,F20,570
12-26-2018 20:00:24,F2T,69.26
12-26-2018 20:00:24,F2H,56.10
12-26-2018 20:30:01,F10,541
12-26-2018 20:30:01,F1T,72.14
12-26-2018 20:30:01,F1H,46.70
12-26-2018 20:30:08,N10,440
12-26-2018 20:30:08,N11,325
12-26-2018 20:30:08,N12,299
12-26-2018 20:30:08,N1T,84.92
12-26-2018 20:30:08,N1H,99.90
12-26-2018 20:30:16,P10,517
12-26-2018 20:30:16,P11,437
12-26-2018 20:30:16,P12,374
12-26-2018 20:30:16,P1T,70.88
12-26-2018 20:30:16,P1H,54.60
12-26-2018 20:30:23,F20,575
12-26-2018 20:30:23,F2T,68.90
12-26-2018 20:30:23,F2H,57.10
12-26-2018 21:00:02,F10,542
12-26-2018 21:00:02,F1T,71.78
12-26-2018 21:00:02,F1H,47.10
12-26-2018 21:00:09,N10,428
12-26-2018 21:00:09,N11,323
12-26-2018 21:00:09,N12,299
12-26-2018 21:00:09,N1T,84.56
12-26-2018 21:00:09,N1H,99.90
12-26-2018 21:00:16,P10,520
12-26-2018 21:00:16,P11,443
12-26-2018 21:00:16,P12,378
12-26-2018 21:00:16,P1T,70.88
12-26-2018 21:00:16,P1H,54.60
12-26-2018 21:00:24,F20,580
12-26-2018 21:00:24,F2T,68.54
12-26-2018 21:00:24,F2H,57.30
12-26-2018 21:30:01,F10,550
12-26-2018 21:30:01,F1T,71.60
12-26-2018 21:30:01,F1H,46.90
12-26-2018 21:30:09,N10,370
12-26-2018 21:30:09,N11,319
12-26-2018 21:30:09,N12,288
12-26-2018 21:30:09,N1T,84.56
12-26-2018 21:30:09,N1H,99.90
12-26-2018 21:30:16,P10,516
12-26-2018 21:30:16,P11,438
12-26-2018 21:30:16,P12,378
12-26-2018 21:30:16,P1T,70.70
12-26-2018 21:30:16,P1H,53.00
12-26-2018 21:30:23,F20,570
12-26-2018 21:30:23,F2T,68.36
12-26-2018 21:30:23,F2H,57.00
12-26-2018 22:00:01,F10,556
12-26-2018 22:00:01,F1T,71.42
12-26-2018 22:00:01,F1H,47.20
12-26-2018 22:00:08,N10,431
12-26-2018 22:00:08,N11,324
12-26-2018 22:00:08,N12,300
12-26-2018 22:00:08,N1T,84.38
12-26-2018 22:00:08,N1H,99.90
12-26-2018 22:00:15,P10,507
12-26-2018 22:00:15,P11,430
12-26-2018 22:00:15,P12,380
12-26-2018 22:00:15,P1T,70.70
12-26-2018 22:00:15,P1H,53.70
12-26-2018 22:00:23,F20,578
12-26-2018 22:00:23,F2T,68.18
12-26-2018 22:00:23,F2H,56.90
12-26-2018 22:30:01,F10,560
12-26-2018 22:30:01,F1T,71.42
12-26-2018 22:30:01,F1H,46.80
12-26-2018 22:30:09,N10,369
12-26-2018 22:30:09,N11,318
12-26-2018 22:30:09,N12,291
12-26-2018 22:30:09,N1T,84.56
12-26-2018 22:30:09,N1H,99.90
12-26-2018 22:30:16,P10,504
12-26-2018 22:30:16,P11,438
12-26-2018 22:30:16,P12,381
12-26-2018 22:30:16,P1T,70.70
12-26-2018 22:30:16,P1H,53.60
12-26-2018 22:30:23,F20,576
12-26-2018 22:30:23,F2T,68.18
12-26-2018 22:30:23,F2H,57.50
12-26-2018 23:00:01,F10,564
12-26-2018 23:00:01,F1T,71.24
12-26-2018 23:00:01,F1H,47.10
12-26-2018 23:00:08,N10,378
12-26-2018 23:00:08,N11,324
12-26-2018 23:00:08,N12,296
12-26-2018 23:00:08,N1T,84.38
12-26-2018 23:00:08,N1H,99.90
12-26-2018 23:00:16,P10,528
12-26-2018 23:00:16,P11,435
12-26-2018 23:00:16,P12,380
12-26-2018 23:00:16,P1T,70.70
12-26-2018 23:00:16,P1H,53.20
12-26-2018 23:00:23,F20,576
12-26-2018 23:00:23,F2T,68.00
12-26-2018 23:00:23,F2H,57.30
12-26-2018 23:30:01,F10,568
12-26-2018 23:30:01,F1T,71.24
12-26-2018 23:30:01,F1H,47.20
12-26-2018 23:30:09,N10,384
12-26-2018 23:30:09,N11,319
12-26-2018 23:30:09,N12,301
12-26-2018 23:30:09,N1T,84.38
12-26-2018 23:30:09,N1H,99.90
12-26-2018 23:30:16,P10,528
12-26-2018 23:30:16,P11,445
12-26-2018 23:30:16,P12,381
12-26-2018 23:30:16,P1T,70.70
12-26-2018 23:30:16,P1H,52.80
12-26-2018 23:30:23,F20,580
12-26-2018 23:30:23,F2T,68.00
12-26-2018 23:30:23,F2H,57.30
12-27-2018 00:00:01,F10,572
12-27-2018 00:00:01,F1T,71.24
12-27-2018 00:00:01,F1H,47.40
12-27-2018 00:00:08,N10,381
12-27-2018 00:00:08,N11,319
12-27-2018 00:00:08,N12,301
12-27-2018 00:00:08,N1T,84.38
12-27-2018 00:00:08,N1H,99.90
12-27-2018 00:00:16,P10,519
12-27-2018 00:00:16,P11,449
12-27-2018 00:00:16,P12,386
12-27-2018 00:00:16,P1T,70.70
12-27-2018 00:00:16,P1H,53.10
12-27-2018 00:00:23,F20,577
12-27-2018 00:00:23,F2T,68.00
12-27-2018 00:00:23,F2H,57.50
12-27-2018 00:30:02,F10,556
12-27-2018 00:30:02,F1T,71.24
12-27-2018 00:30:02,F1H,47.40
12-27-2018 00:30:09,N10,366
12-27-2018 00:30:09,N11,322
12-27-2018 00:30:09,N12,295
12-27-2018 00:30:09,N1T,84.38
12-27-2018 00:30:09,N1H,99.90
12-27-2018 00:30:16,P10,523
12-27-2018 00:30:16,P11,435
12-27-2018 00:30:16,P12,384
12-27-2018 00:30:16,P1T,70.70
12-27-2018 00:30:16,P1H,54.30
12-27-2018 00:30:24,F20,580
12-27-2018 00:30:24,F2T,68.00
12-27-2018 00:30:24,F2H,57.50
12-27-2018 01:00:01,F10,561
12-27-2018 01:00:01,F1T,71.06
12-27-2018 01:00:01,F1H,47.90
12-27-2018 01:00:08,N10,367
12-27-2018 01:00:08,N11,318
12-27-2018 01:00:08,N12,299
12-27-2018 01:00:08,N1T,84.38
12-27-2018 01:00:08,N1H,99.90
12-27-2018 01:00:16,P10,513
12-27-2018 01:00:16,P11,448
12-27-2018 01:00:16,P12,387
12-27-2018 01:00:16,P1T,70.16
12-27-2018 01:00:16,P1H,58.70
12-27-2018 01:00:23,F20,576
12-27-2018 01:00:23,F2T,67.82
12-27-2018 01:00:23,F2H,57.10
12-27-2018 01:30:01,F10,562
12-27-2018 01:30:01,F1T,70.88
12-27-2018 01:30:01,F1H,47.60
12-27-2018 01:30:08,N10,375
12-27-2018 01:30:08,N11,321
12-27-2018 01:30:08,N12,302
12-27-2018 01:30:08,N1T,82.40
12-27-2018 01:30:08,N1H,99.90
12-27-2018 01:30:15,P10,504
12-27-2018 01:30:15,P11,453
12-27-2018 01:30:15,P12,389
12-27-2018 01:30:15,P1T,69.98
12-27-2018 01:30:15,P1H,61.90
12-27-2018 01:30:23,F20,585
12-27-2018 01:30:23,F2T,67.64
12-27-2018 01:30:23,F2H,56.90
12-27-2018 02:00:01,F10,557
12-27-2018 02:00:01,F1T,70.88
12-27-2018 02:00:01,F1H,47.80
12-27-2018 02:00:09,N10,373
12-27-2018 02:00:09,N11,321
12-27-2018 02:00:09,N12,306
12-27-2018 02:00:09,N1T,81.68
12-27-2018 02:00:09,N1H,99.90
12-27-2018 02:00:16,P10,517
12-27-2018 02:00:16,P11,446
12-27-2018 02:00:16,P12,386
12-27-2018 02:00:16,P1T,69.80
12-27-2018 02:00:16,P1H,60.50
12-27-2018 02:00:23,F20,576
12-27-2018 02:00:23,F2T,67.64
12-27-2018 02:00:23,F2H,56.20
12-27-2018 02:30:01,F10,561
12-27-2018 02:30:01,F1T,70.88
12-27-2018 02:30:01,F1H,47.80
12-27-2018 02:30:08,N10,390
12-27-2018 02:30:08,N11,327
12-27-2018 02:30:08,N12,310
12-27-2018 02:30:08,N1T,81.14
12-27-2018 02:30:08,N1H,99.90
12-27-2018 02:30:16,P10,523
12-27-2018 02:30:16,P11,448
12-27-2018 02:30:16,P12,381
12-27-2018 02:30:16,P1T,69.80
12-27-2018 02:30:16,P1H,60.30
12-27-2018 02:30:23,F20,575
12-27-2018 02:30:23,F2T,67.64
12-27-2018 02:30:23,F2H,56.30
12-27-2018 03:00:01,F10,561
12-27-2018 03:00:01,F1T,70.88
12-27-2018 03:00:01,F1H,48.00
12-27-2018 03:00:09,N10,383
12-27-2018 03:00:09,N11,327
12-27-2018 03:00:09,N12,311
12-27-2018 03:00:09,N1T,80.96
12-27-2018 03:00:09,N1H,99.90
12-27-2018 03:00:16,P10,535
12-27-2018 03:00:16,P11,444
12-27-2018 03:00:16,P12,386
12-27-2018 03:00:16,P1T,69.62
12-27-2018 03:00:16,P1H,58.70
12-27-2018 03:00:23,F20,577
12-27-2018 03:00:23,F2T,67.64
12-27-2018 03:00:23,F2H,56.20
12-27-2018 03:30:01,F10,564
12-27-2018 03:30:01,F1T,70.70
12-27-2018 03:30:01,F1H,47.90
12-27-2018 03:30:08,N10,395
12-27-2018 03:30:08,N11,326
12-27-2018 03:30:08,N12,313
12-27-2018 03:30:08,N1T,80.60
12-27-2018 03:30:08,N1H,99.90
12-27-2018 03:30:16,P10,520
12-27-2018 03:30:16,P11,451
12-27-2018 03:30:16,P12,389
12-27-2018 03:30:16,P1T,69.80
12-27-2018 03:30:16,P1H,57.90
12-27-2018 03:30:23,F20,585
12-27-2018 03:30:23,F2T,67.64
12-27-2018 03:30:23,F2H,56.00
12-27-2018 04:00:01,F10,569
12-27-2018 04:00:01,F1T,70.70
12-27-2018 04:00:01,F1H,48.30
12-27-2018 04:00:09,N10,397
12-27-2018 04:00:09,N11,327
12-27-2018 04:00:09,N12,310
12-27-2018 04:00:09,N1T,80.42
12-27-2018 04:00:09,N1H,99.90
12-27-2018 04:00:16,P10,516
12-27-2018 04:00:16,P11,450
12-27-2018 04:00:16,P12,384
12-27-2018 04:00:16,P1T,69.80
12-27-2018 04:00:16,P1H,57.00
12-27-2018 04:00:24,F20,584
12-27-2018 04:00:24,F2T,67.46
12-27-2018 04:00:24,F2H,56.50
12-27-2018 04:30:01,F10,568
12-27-2018 04:30:01,F1T,70.70
12-27-2018 04:30:01,F1H,48.30
12-27-2018 04:30:09,N10,390
12-27-2018 04:30:09,N11,330
12-27-2018 04:30:09,N12,313
12-27-2018 04:30:09,N1T,80.24
12-27-2018 04:30:09,N1H,99.90
12-27-2018 04:30:16,P10,532
12-27-2018 04:30:16,P11,450
12-27-2018 04:30:16,P12,389
12-27-2018 04:30:16,P1T,69.80
12-27-2018 04:30:16,P1H,59.60
12-27-2018 04:30:23,F20,584
12-27-2018 04:30:23,F2T,67.46
12-27-2018 04:30:23,F2H,56.30
12-27-2018 05:00:02,F10,567
12-27-2018 05:00:02,F1T,70.70
12-27-2018 05:00:02,F1H,48.30
12-27-2018 05:00:09,N10,390
12-27-2018 05:00:09,N11,329
12-27-2018 05:00:09,N12,312
12-27-2018 05:00:09,N1T,80.24
12-27-2018 05:00:09,N1H,99.90
12-27-2018 05:00:16,P10,527
12-27-2018 05:00:16,P11,447
12-27-2018 05:00:16,P12,386
12-27-2018 05:00:16,P1T,69.62
12-27-2018 05:00:16,P1H,57.60
12-27-2018 05:00:24,F20,583
12-27-2018 05:00:24,F2T,67.46
12-27-2018 05:00:24,F2H,56.40
12-27-2018 05:30:01,F10,554
12-27-2018 05:30:01,F1T,70.70
12-27-2018 05:30:01,F1H,48.30
12-27-2018 05:30:09,N10,382
12-27-2018 05:30:09,N11,326
12-27-2018 05:30:09,N12,316
12-27-2018 05:30:09,N1T,79.88
12-27-2018 05:30:09,N1H,99.90
12-27-2018 05:30:16,P10,520
12-27-2018 05:30:16,P11,445
12-27-2018 05:30:16,P12,392
12-27-2018 05:30:16,P1T,69.62
12-27-2018 05:30:16,P1H,57.50
12-27-2018 05:30:23,F20,580
12-27-2018 05:30:23,F2T,67.46
12-27-2018 05:30:23,F2H,56.20
12-27-2018 06:00:01,F10,551
12-27-2018 06:00:01,F1T,80.60
12-27-2018 06:00:01,F1H,35.80
12-27-2018 06:00:08,N10,393
12-27-2018 06:00:08,N11,329
12-27-2018 06:00:08,N12,316
12-27-2018 06:00:08,N1T,80.06
12-27-2018 06:00:08,N1H,99.90
12-27-2018 06:00:15,P10,526
12-27-2018 06:00:15,P11,439
12-27-2018 06:00:15,P12,385
12-27-2018 06:00:15,P1T,70.16
12-27-2018 06:00:15,P1H,55.90
12-27-2018 06:00:23,F20,579
12-27-2018 06:00:23,F2T,67.46
12-27-2018 06:00:23,F2H,57.50
12-27-2018 06:30:01,F10,549
12-27-2018 06:30:01,F1T,82.04
12-27-2018 06:30:01,F1H,34.10
12-27-2018 06:30:09,N10,380
12-27-2018 06:30:09,N11,327
12-27-2018 06:30:09,N12,312
12-27-2018 06:30:09,N1T,80.06
12-27-2018 06:30:09,N1H,99.90
12-27-2018 06:30:16,P10,501
12-27-2018 06:30:16,P11,457
12-27-2018 06:30:16,P12,386
12-27-2018 06:30:16,P1T,70.52
12-27-2018 06:30:16,P1H,56.30
12-27-2018 06:30:24,F20,578
12-27-2018 06:30:24,F2T,67.64
12-27-2018 06:30:24,F2H,58.00
12-27-2018 07:00:01,F10,548
12-27-2018 07:00:01,F1T,82.40
12-27-2018 07:00:01,F1H,33.90
12-27-2018 07:00:08,N10,377
12-27-2018 07:00:08,N11,327
12-27-2018 07:00:08,N12,313
12-27-2018 07:00:08,N1T,80.24
12-27-2018 07:00:08,N1H,99.90
12-27-2018 07:00:16,P10,531
12-27-2018 07:00:16,P11,438
12-27-2018 07:00:16,P12,388
12-27-2018 07:00:16,P1T,70.88
12-27-2018 07:00:16,P1H,61.20
12-27-2018 07:00:23,F20,574
12-27-2018 07:00:23,F2T,67.82
12-27-2018 07:00:23,F2H,57.50
12-27-2018 07:30:01,F10,545
12-27-2018 07:30:01,F1T,82.76
12-27-2018 07:30:01,F1H,33.60
12-27-2018 07:30:08,N10,377
12-27-2018 07:30:08,N11,324
12-27-2018 07:30:08,N12,308
12-27-2018 07:30:08,N1T,82.40
12-27-2018 07:30:08,N1H,99.90
12-27-2018 07:30:15,P10,523
12-27-2018 07:30:15,P11,453
12-27-2018 07:30:15,P12,390
12-27-2018 07:30:15,P1T,71.06
12-27-2018 07:30:15,P1H,61.40
12-27-2018 07:30:23,F20,571
12-27-2018 07:30:23,F2T,75.20
12-27-2018 07:30:23,F2H,48.40
12-27-2018 08:00:01,F10,549
12-27-2018 08:00:01,F1T,82.94
12-27-2018 08:00:01,F1H,33.50
12-27-2018 08:00:09,N10,371
12-27-2018 08:00:09,N11,323
12-27-2018 08:00:09,N12,310
12-27-2018 08:00:09,N1T,83.30
12-27-2018 08:00:09,N1H,99.90
12-27-2018 08:00:16,P10,530
12-27-2018 08:00:16,P11,446
12-27-2018 08:00:16,P12,391
12-27-2018 08:00:16,P1T,71.24
12-27-2018 08:00:16,P1H,66.30
12-27-2018 08:00:23,F20,571
12-27-2018 08:00:23,F2T,75.56
12-27-2018 08:00:23,F2H,48.20
12-27-2018 08:30:01,F10,548
12-27-2018 08:30:01,F1T,83.12
12-27-2018 08:30:01,F1H,33.50
12-27-2018 08:30:08,N10,368
12-27-2018 08:30:08,N11,321
12-27-2018 08:30:08,N12,308
12-27-2018 08:30:08,N1T,83.66
12-27-2018 08:30:08,N1H,99.90
12-27-2018 08:30:15,P10,519
12-27-2018 08:30:15,P11,446
12-27-2018 08:30:15,P12,389
12-27-2018 08:30:15,P1T,71.42
12-27-2018 08:30:15,P1H,66.20
12-27-2018 08:30:23,F20,567
12-27-2018 08:30:23,F2T,75.56
12-27-2018 08:30:23,F2H,48.20
12-27-2018 09:00:01,F10,550
12-27-2018 09:00:01,F1T,83.12
12-27-2018 09:00:01,F1H,33.40
12-27-2018 09:00:09,N10,363
12-27-2018 09:00:09,N11,319
12-27-2018 09:00:09,N12,305
12-27-2018 09:00:09,N1T,84.02
12-27-2018 09:00:09,N1H,99.90
12-27-2018 09:00:16,P10,534
12-27-2018 09:00:16,P11,457
12-27-2018 09:00:16,P12,394
12-27-2018 09:00:16,P1T,71.42
12-27-2018 09:00:16,P1H,65.40
12-27-2018 09:00:23,F20,570
12-27-2018 09:00:23,F2T,75.92
12-27-2018 09:00:23,F2H,47.80
12-27-2018 09:30:01,F10,556
12-27-2018 09:30:01,F1T,83.12
12-27-2018 09:30:01,F1H,33.40
12-27-2018 09:30:08,N10,367
12-27-2018 09:30:08,N11,320
12-27-2018 09:30:08,N12,305
12-27-2018 09:30:08,N1T,84.38
12-27-2018 09:30:08,N1H,99.90
12-27-2018 09:30:16,P10,516
12-27-2018 09:30:16,P11,449
12-27-2018 09:30:16,P12,383
12-27-2018 09:30:16,P1T,71.42
12-27-2018 09:30:16,P1H,65.50
12-27-2018 09:30:23,F20,567
12-27-2018 09:30:23,F2T,75.92
12-27-2018 09:30:23,F2H,48.00
12-27-2018 10:00:01,F10,551
12-27-2018 10:00:01,F1T,83.12
12-27-2018 10:00:01,F1H,33.10
12-27-2018 10:00:09,N10,365
12-27-2018 10:00:09,N11,322
12-27-2018 10:00:09,N12,304
12-27-2018 10:00:09,N1T,84.56
12-27-2018 10:00:09,N1H,99.90
12-27-2018 10:00:16,P10,526
12-27-2018 10:00:16,P11,452
12-27-2018 10:00:16,P12,388
12-27-2018 10:00:16,P1T,71.42
12-27-2018 10:00:16,P1H,66.60
12-27-2018 10:00:23,F20,567
12-27-2018 10:00:23,F2T,76.10
12-27-2018 10:00:23,F2H,47.80
12-27-2018 10:30:01,F10,557
12-27-2018 10:30:01,F1T,83.30
12-27-2018 10:30:01,F1H,33.50
12-27-2018 10:30:08,N10,438
12-27-2018 10:30:08,N11,326
12-27-2018 10:30:08,N12,313
12-27-2018 10:30:08,N1T,84.92
12-27-2018 10:30:08,N1H,99.90
12-27-2018 10:30:16,P10,540
12-27-2018 10:30:16,P11,451
12-27-2018 10:30:16,P12,388
12-27-2018 10:30:16,P1T,71.60
12-27-2018 10:30:16,P1H,65.20
12-27-2018 10:30:23,F20,569
12-27-2018 10:30:23,F2T,75.74
12-27-2018 10:30:23,F2H,49.00
12-27-2018 11:00:01,F10,558
12-27-2018 11:00:01,F1T,83.48
12-27-2018 11:00:01,F1H,33.40
12-27-2018 11:00:09,N10,369
12-27-2018 11:00:09,N11,317
12-27-2018 11:00:09,N12,304
12-27-2018 11:00:09,N1T,85.28
12-27-2018 11:00:09,N1H,99.90
12-27-2018 11:00:16,P10,515
12-27-2018 11:00:16,P11,452
12-27-2018 11:00:16,P12,381
12-27-2018 11:00:16,P1T,71.78
12-27-2018 11:00:16,P1H,62.30
12-27-2018 11:00:24,F20,569
12-27-2018 11:00:24,F2T,75.38
12-27-2018 11:00:24,F2H,49.30
12-27-2018 11:30:01,F10,559
12-27-2018 11:30:01,F1T,83.66
12-27-2018 11:30:01,F1H,33.60
12-27-2018 11:30:09,N10,367
12-27-2018 11:30:09,N11,319
12-27-2018 11:30:09,N12,301
12-27-2018 11:30:09,N1T,85.46
12-27-2018 11:30:09,N1H,99.90
12-27-2018 11:30:16,P10,528
12-27-2018 11:30:16,P11,453
12-27-2018 11:30:16,P12,385
12-27-2018 11:30:16,P1T,71.96
12-27-2018 11:30:16,P1H,63.50
12-27-2018 11:30:23,F20,568
12-27-2018 11:30:23,F2T,75.92
12-27-2018 11:30:23,F2H,49.50
12-27-2018 12:00:01,F10,562
12-27-2018 12:00:01,F1T,84.02
12-27-2018 12:00:01,F1H,34.20
12-27-2018 12:00:08,N10,367
12-27-2018 12:00:08,N11,319
12-27-2018 12:00:08,N12,301
12-27-2018 12:00:08,N1T,86.00
12-27-2018 12:00:08,N1H,99.90
12-27-2018 12:00:15,P10,533
12-27-2018 12:00:15,P11,452
12-27-2018 12:00:15,P12,384
12-27-2018 12:00:15,P1T,72.14
12-27-2018 12:00:15,P1H,61.80
12-27-2018 12:00:23,F20,568
12-27-2018 12:00:23,F2T,76.46
12-27-2018 12:00:23,F2H,49.70
12-27-2018 12:30:01,F10,560
12-27-2018 12:30:01,F1T,84.20
12-27-2018 12:30:01,F1H,34.00
12-27-2018 12:30:09,N10,372
12-27-2018 12:30:09,N11,319
12-27-2018 12:30:09,N12,303
12-27-2018 12:30:09,N1T,86.18
12-27-2018 12:30:09,N1H,99.90
12-27-2018 12:30:16,P10,532
12-27-2018 12:30:16,P11,457
12-27-2018 12:30:16,P12,384
12-27-2018 12:30:16,P1T,72.32
12-27-2018 12:30:16,P1H,61.90
12-27-2018 12:30:23,F20,574
12-27-2018 12:30:23,F2T,76.82
12-27-2018 12:30:23,F2H,49.00
12-27-2018 13:00:01,F10,568
12-27-2018 13:00:01,F1T,83.84
12-27-2018 13:00:01,F1H,33.70
12-27-2018 13:00:08,N10,372
12-27-2018 13:00:08,N11,317
12-27-2018 13:00:08,N12,302
12-27-2018 13:00:08,N1T,86.00
12-27-2018 13:00:08,N1H,99.90
12-27-2018 13:00:15,P10,526
12-27-2018 13:00:15,P11,461
12-27-2018 13:00:15,P12,386
12-27-2018 13:00:15,P1T,72.14
12-27-2018 13:00:15,P1H,61.30
12-27-2018 13:00:23,F20,573
12-27-2018 13:00:23,F2T,76.10
12-27-2018 13:00:23,F2H,48.30
12-27-2018 13:30:01,F10,573
12-27-2018 13:30:01,F1T,83.84
12-27-2018 13:30:01,F1H,33.60
12-27-2018 13:30:09,N10,368
12-27-2018 13:30:09,N11,319
12-27-2018 13:30:09,N12,300
12-27-2018 13:30:09,N1T,85.82
12-27-2018 13:30:09,N1H,99.90
12-27-2018 13:30:16,P10,524
12-27-2018 13:30:16,P11,452
12-27-2018 13:30:16,P12,389
12-27-2018 13:30:16,P1T,71.96
12-27-2018 13:30:16,P1H,61.20
12-27-2018 13:30:23,F20,574
12-27-2018 13:30:23,F2T,76.28
12-27-2018 13:30:23,F2H,48.10
12-27-2018 14:00:01,F10,577
12-27-2018 14:00:01,F1T,83.66
12-27-2018 14:00:01,F1H,33.50
12-27-2018 14:00:08,N10,365
12-27-2018 14:00:08,N11,318
12-27-2018 14:00:08,N12,301
12-27-2018 14:00:08,N1T,85.82
12-27-2018 14:00:08,N1H,99.90
12-27-2018 14:00:16,P10,530
12-27-2018 14:00:16,P11,452
12-27-2018 14:00:16,P12,381
12-27-2018 14:00:16,P1T,71.96
12-27-2018 14:00:16,P1H,61.20
12-27-2018 14:00:23,F20,582
12-27-2018 14:00:23,F2T,76.28
12-27-2018 14:00:23,F2H,47.90
12-27-2018 14:30:01,F10,582
12-27-2018 14:30:01,F1T,83.66
12-27-2018 14:30:01,F1H,33.60
12-27-2018 14:30:09,N10,367
12-27-2018 14:30:09,N11,318
12-27-2018 14:30:09,N12,302
12-27-2018 14:30:09,N1T,85.82
12-27-2018 14:30:09,N1H,99.90
12-27-2018 14:30:16,P10,531
12-27-2018 14:30:16,P11,458
12-27-2018 14:30:16,P12,384
12-27-2018 14:30:16,P1T,71.78
12-27-2018 14:30:16,P1H,60.40
12-27-2018 14:30:23,F20,583
12-27-2018 14:30:23,F2T,76.28
12-27-2018 14:30:23,F2H,48.50
12-27-2018 15:00:01,F10,579
12-27-2018 15:00:01,F1T,83.84
12-27-2018 15:00:01,F1H,33.80
12-27-2018 15:00:08,N10,377
12-27-2018 15:00:08,N11,319
12-27-2018 15:00:08,N12,304
12-27-2018 15:00:08,N1T,85.82
12-27-2018 15:00:08,N1H,99.90
12-27-2018 15:00:16,P10,533
12-27-2018 15:00:16,P11,443
12-27-2018 15:00:16,P12,389
12-27-2018 15:00:16,P1T,71.96
12-27-2018 15:00:16,P1H,58.80
12-27-2018 15:00:23,F20,585
12-27-2018 15:00:23,F2T,76.82
12-27-2018 15:00:23,F2H,48.40
12-27-2018 15:30:02,F10,587
12-27-2018 15:30:02,F1T,84.02
12-27-2018 15:30:02,F1H,34.00
12-27-2018 15:30:09,N10,381
12-27-2018 15:30:09,N11,318
12-27-2018 15:30:09,N12,302
12-27-2018 15:30:09,N1T,86.00
12-27-2018 15:30:09,N1H,99.90
12-27-2018 15:30:16,P10,524
12-27-2018 15:30:16,P11,448
12-27-2018 15:30:16,P12,385
12-27-2018 15:30:16,P1T,71.96
12-27-2018 15:30:16,P1H,62.80
12-27-2018 15:30:24,F20,585
12-27-2018 15:30:24,F2T,77.00
12-27-2018 15:30:24,F2H,48.10
12-27-2018 16:00:01,F10,597
12-27-2018 16:00:01,F1T,84.20
12-27-2018 16:00:01,F1H,34.10
12-27-2018 16:00:09,N10,370
12-27-2018 16:00:09,N11,323
12-27-2018 16:00:09,N12,300
12-27-2018 16:00:09,N1T,86.36
12-27-2018 16:00:09,N1H,99.90
12-27-2018 16:00:16,P10,522
12-27-2018 16:00:16,P11,443
12-27-2018 16:00:16,P12,394
12-27-2018 16:00:16,P1T,72.14
12-27-2018 16:00:16,P1H,60.70
12-27-2018 16:00:23,F20,588
12-27-2018 16:00:23,F2T,77.00
12-27-2018 16:00:23,F2H,48.20
12-27-2018 16:30:01,F10,593
12-27-2018 16:30:01,F1T,84.20
12-27-2018 16:30:01,F1H,34.00
12-27-2018 16:30:08,N10,382
12-27-2018 16:30:08,N11,320
12-27-2018 16:30:08,N12,303
12-27-2018 16:30:08,N1T,86.36
12-27-2018 16:30:08,N1H,99.90
12-27-2018 16:30:15,P10,518
12-27-2018 16:30:15,P11,447
12-27-2018 16:30:15,P12,379
12-27-2018 16:30:15,P1T,72.14
12-27-2018 16:30:15,P1H,62.20
12-27-2018 16:30:23,F20,587
12-27-2018 16:30:23,F2T,76.82
12-27-2018 16:30:23,F2H,48.00
12-27-2018 17:00:01,F10,599
12-27-2018 17:00:01,F1T,84.20
12-27-2018 17:00:01,F1H,34.00
12-27-2018 17:00:09,N10,368
12-27-2018 17:00:09,N11,320
12-27-2018 17:00:09,N12,300
12-27-2018 17:00:09,N1T,86.18
12-27-2018 17:00:09,N1H,99.90
12-27-2018 17:00:16,P10,523
12-27-2018 17:00:16,P11,450
12-27-2018 17:00:16,P12,378
12-27-2018 17:00:16,P1T,72.14
12-27-2018 17:00:16,P1H,62.30
12-27-2018 17:00:23,F20,589
12-27-2018 17:00:23,F2T,77.18
12-27-2018 17:00:23,F2H,47.70
12-27-2018 17:30:01,F10,605
12-27-2018 17:30:01,F1T,84.20
12-27-2018 17:30:01,F1H,34.00
12-27-2018 17:30:08,N10,417
12-27-2018 17:30:08,N11,323
12-27-2018 17:30:08,N12,304
12-27-2018 17:30:08,N1T,86.00
12-27-2018 17:30:08,N1H,99.90
12-27-2018 17:30:16,P10,527
12-27-2018 17:30:16,P11,448
12-27-2018 17:30:16,P12,380
12-27-2018 17:30:16,P1T,72.14
12-27-2018 17:30:16,P1H,60.80
12-27-2018 17:30:23,F20,594
12-27-2018 17:30:23,F2T,76.82
12-27-2018 17:30:23,F2H,47.80
12-27-2018 18:00:01,F10,602
12-27-2018 18:00:01,F1T,84.20
12-27-2018 18:00:01,F1H,33.90
12-27-2018 18:00:09,N10,371
12-27-2018 18:00:09,N11,320
12-27-2018 18:00:09,N12,299
12-27-2018 18:00:09,N1T,85.82
12-27-2018 18:00:09,N1H,99.90
12-27-2018 18:00:16,P10,530
12-27-2018 18:00:16,P11,451
12-27-2018 18:00:16,P12,380
12-27-2018 18:00:16,P1T,72.14
12-27-2018 18:00:16,P1H,61.80
12-27-2018 18:00:23,F20,598
12-27-2018 18:00:23,F2T,77.18
12-27-2018 18:00:23,F2H,47.20
12-27-2018 18:30:01,F10,615
12-27-2018 18:30:01,F1T,84.20
12-27-2018 18:30:01,F1H,33.80
12-27-2018 18:30:09,N10,383
12-27-2018 18:30:09,N11,320
12-27-2018 18:30:09,N12,300
12-27-2018 18:30:09,N1T,85.82
12-27-2018 18:30:09,N1H,99.90
12-27-2018 18:30:16,P10,527
12-27-2018 18:30:16,P11,463
12-27-2018 18:30:16,P12,386
12-27-2018 18:30:16,P1T,72.14
12-27-2018 18:30:16,P1H,60.40
12-27-2018 18:30:23,F20,601
12-27-2018 18:30:23,F2T,77.00
12-27-2018 18:30:23,F2H,47.10
12-27-2018 19:00:01,F10,623
12-27-2018 19:00:01,F1T,84.20
12-27-2018 19:00:01,F1H,33.90
12-27-2018 19:00:08,N10,431
12-27-2018 19:00:08,N11,327
12-27-2018 19:00:08,N12,308
12-27-2018 19:00:08,N1T,85.82
12-27-2018 19:00:08,N1H,99.90
12-27-2018 19:00:16,P10,519
12-27-2018 19:00:16,P11,449
12-27-2018 19:00:16,P12,388
12-27-2018 19:00:16,P1T,72.14
12-27-2018 19:00:16,P1H,61.10
12-27-2018 19:00:23,F20,613
12-27-2018 19:00:23,F2T,76.82
12-27-2018 19:00:23,F2H,46.50
12-27-2018 19:30:01,F10,635
12-27-2018 19:30:01,F1T,75.20
12-27-2018 19:30:01,F1H,44.90
12-27-2018 19:30:09,N10,397
12-27-2018 19:30:09,N11,325
12-27-2018 19:30:09,N12,305
12-27-2018 19:30:09,N1T,85.64
12-27-2018 19:30:09,N1H,99.90
12-27-2018 19:30:16,P10,524
12-27-2018 19:30:16,P11,463
12-27-2018 19:30:16,P12,389
12-27-2018 19:30:16,P1T,71.42
12-27-2018 19:30:16,P1H,62.80
12-27-2018 19:30:24,F20,614
12-27-2018 19:30:24,F2T,70.16
12-27-2018 19:30:24,F2H,55.10
12-27-2018 20:00:01,F10,641
12-27-2018 20:00:01,F1T,73.22
12-27-2018 20:00:01,F1H,47.70
12-27-2018 20:00:09,N10,390
12-27-2018 20:00:09,N11,324
12-27-2018 20:00:09,N12,303
12-27-2018 20:00:09,N1T,85.28
12-27-2018 20:00:09,N1H,99.90
12-27-2018 20:00:16,P10,532
12-27-2018 20:00:16,P11,466
12-27-2018 20:00:16,P12,390
12-27-2018 20:00:16,P1T,71.06
12-27-2018 20:00:16,P1H,64.50
12-27-2018 20:00:23,F20,616
12-27-2018 20:00:23,F2T,69.44
12-27-2018 20:00:23,F2H,55.70
12-27-2018 20:30:01,F10,642
12-27-2018 20:30:01,F1T,72.50
12-27-2018 20:30:01,F1H,48.30
12-27-2018 20:30:08,N10,380
12-27-2018 20:30:08,N11,322
12-27-2018 20:30:08,N12,304
12-27-2018 20:30:08,N1T,85.10
12-27-2018 20:30:08,N1H,99.90
12-27-2018 20:30:15,P10,532
12-27-2018 20:30:15,P11,462
12-27-2018 20:30:15,P12,392
12-27-2018 20:30:15,P1T,71.06
12-27-2018 20:30:15,P1H,58.90
12-27-2018 20:30:23,F20,618
12-27-2018 20:30:23,F2T,69.08
12-27-2018 20:30:23,F2H,56.30
12-27-2018 21:00:01,F10,661
12-27-2018 21:00:01,F1T,72.14
12-27-2018 21:00:01,F1H,48.50
12-27-2018 21:00:09,N10,371
12-27-2018 21:00:09,N11,325
12-27-2018 21:00:09,N12,306
12-27-2018 21:00:09,N1T,84.92
12-27-2018 21:00:09,N1H,99.90
12-27-2018 21:00:16,P10,520
12-27-2018 21:00:16,P11,466
12-27-2018 21:00:16,P12,394
12-27-2018 21:00:16,P1T,70.88
12-27-2018 21:00:16,P1H,66.00
12-27-2018 21:00:23,F20,619
12-27-2018 21:00:23,F2T,68.72
12-27-2018 21:00:23,F2H,56.60
12-27-2018 21:30:01,F10,664
12-27-2018 21:30:01,F1T,71.78
12-27-2018 21:30:01,F1H,48.50
12-27-2018 21:30:08,N10,383
12-27-2018 21:30:08,N11,325
12-27-2018 21:30:08,N12,308
12-27-2018 21:30:08,N1T,84.74
12-27-2018 21:30:08,N1H,99.90
12-27-2018 21:30:16,P10,524
12-27-2018 21:30:16,P11,466
12-27-2018 21:30:16,P12,396
12-27-2018 21:30:16,P1T,70.88
12-27-2018 21:30:16,P1H,56.80
12-27-2018 21:30:23,F20,622
12-27-2018 21:30:23,F2T,68.54
12-27-2018 21:30:23,F2H,56.60
12-27-2018 22:00:01,F10,651
12-27-2018 22:00:01,F1T,71.60
12-27-2018 22:00:01,F1H,48.50
12-27-2018 22:00:09,N10,383
12-27-2018 22:00:09,N11,325
12-27-2018 22:00:09,N12,308
12-27-2018 22:00:09,N1T,84.56
12-27-2018 22:00:09,N1H,99.90
12-27-2018 22:00:16,P10,522
12-27-2018 22:00:16,P11,466
12-27-2018 22:00:16,P12,394
12-27-2018 22:00:16,P1T,70.70
12-27-2018 22:00:16,P1H,64.50
12-27-2018 22:00:23,F20,622
12-27-2018 22:00:23,F2T,68.36
12-27-2018 22:00:23,F2H,57.00
12-27-2018 22:30:01,F10,654
12-27-2018 22:30:01,F1T,71.60
12-27-2018 22:30:01,F1H,48.90
12-27-2018 22:30:08,N10,373
12-27-2018 22:30:08,N11,325
12-27-2018 22:30:08,N12,306
12-27-2018 22:30:08,N1T,84.56
12-27-2018 22:30:08,N1H,99.90
12-27-2018 22:30:16,P10,525
12-27-2018 22:30:16,P11,463
12-27-2018 22:30:16,P12,395
12-27-2018 22:30:16,P1T,70.70
12-27-2018 22:30:16,P1H,65.70
12-27-2018 22:30:23,F20,622
12-27-2018 22:30:23,F2T,68.18
12-27-2018 22:30:23,F2H,57.20
12-27-2018 23:00:01,F10,665
12-27-2018 23:00:01,F1T,71.42
12-27-2018 23:00:01,F1H,48.90
12-27-2018 23:00:09,N10,384
12-27-2018 23:00:09,N11,324
12-27-2018 23:00:09,N12,310
12-27-2018 23:00:09,N1T,84.38
12-27-2018 23:00:09,N1H,99.90
12-27-2018 23:00:16,P10,512
12-27-2018 23:00:16,P11,465
12-27-2018 23:00:16,P12,385
12-27-2018 23:00:16,P1T,70.52
12-27-2018 23:00:16,P1H,59.90
12-27-2018 23:00:24,F20,624
12-27-2018 23:00:24,F2T,68.18
12-27-2018 23:00:24,F2H,57.50
12-27-2018 23:30:01,F10,661
12-27-2018 23:30:01,F1T,71.24
12-27-2018 23:30:01,F1H,48.80
12-27-2018 23:30:08,N10,399
12-27-2018 23:30:08,N11,329
12-27-2018 23:30:08,N12,312
12-27-2018 23:30:08,N1T,84.38
12-27-2018 23:30:08,N1H,99.90
12-27-2018 23:30:16,P10,532
12-27-2018 23:30:16,P11,465
12-27-2018 23:30:16,P12,388
12-27-2018 23:30:16,P1T,70.52
12-27-2018 23:30:16,P1H,66.90
12-27-2018 23:30:23,F20,618
12-27-2018 23:30:23,F2T,68.00
12-27-2018 23:30:23,F2H,57.50
12-28-2018 00:00:02,F10,662
12-28-2018 00:00:02,F1T,71.24
12-28-2018 00:00:02,F1H,49.10
12-28-2018 00:00:09,N10,395
12-28-2018 00:00:09,N11,326
12-28-2018 00:00:09,N12,309
12-28-2018 00:00:09,N1T,84.38
12-28-2018 00:00:09,N1H,99.90
12-28-2018 00:00:16,P10,520
12-28-2018 00:00:16,P11,464
12-28-2018 00:00:16,P12,391
12-28-2018 00:00:16,P1T,70.52
12-28-2018 00:00:16,P1H,58.00
12-28-2018 00:00:24,F20,619
12-28-2018 00:00:24,F2T,68.00
12-28-2018 00:00:24,F2H,57.80
12-28-2018 00:30:01,F10,673
12-28-2018 00:30:01,F1T,71.24
12-28-2018 00:30:01,F1H,49.20
12-28-2018 00:30:09,N10,400
12-28-2018 00:30:09,N11,326
12-28-2018 00:30:09,N12,312
12-28-2018 00:30:09,N1T,84.38
12-28-2018 00:30:09,N1H,99.90
12-28-2018 00:30:16,P10,531
12-28-2018 00:30:16,P11,471
12-28-2018 00:30:16,P12,396
12-28-2018 00:30:16,P1T,70.52
12-28-2018 00:30:16,P1H,59.70
12-28-2018 00:30:23,F20,623
12-28-2018 00:30:23,F2T,68.00
12-28-2018 00:30:23,F2H,58.00
12-28-2018 01:00:01,F10,677
12-28-2018 01:00:01,F1T,71.06
12-28-2018 01:00:01,F1H,49.50
12-28-2018 01:00:08,N10,364
12-28-2018 01:00:08,N11,326
12-28-2018 01:00:08,N12,305
12-28-2018 01:00:08,N1T,84.02
12-28-2018 01:00:08,N1H,99.90
12-28-2018 01:00:15,P10,535
12-28-2018 01:00:15,P11,466
12-28-2018 01:00:15,P12,394
12-28-2018 01:00:15,P1T,69.98
12-28-2018 01:00:15,P1H,61.10
12-28-2018 01:00:23,F20,618
12-28-2018 01:00:23,F2T,67.82
12-28-2018 01:00:23,F2H,57.60
12-28-2018 01:30:01,F10,670
12-28-2018 01:30:01,F1T,70.88
12-28-2018 01:30:01,F1H,49.60
12-28-2018 01:30:09,N10,403
12-28-2018 01:30:09,N11,329
12-28-2018 01:30:09,N12,314
12-28-2018 01:30:09,N1T,82.22
12-28-2018 01:30:09,N1H,99.90
12-28-2018 01:30:16,P10,528
12-28-2018 01:30:16,P11,463
12-28-2018 01:30:16,P12,390
12-28-2018 01:30:16,P1T,69.80
12-28-2018 01:30:16,P1H,63.30
12-28-2018 01:30:23,F20,626
12-28-2018 01:30:23,F2T,67.64
12-28-2018 01:30:23,F2H,56.90
12-28-2018 02:00:01,F10,676
12-28-2018 02:00:01,F1T,70.70
12-28-2018 02:00:01,F1H,49.60
12-28-2018 02:00:08,N10,385
12-28-2018 02:00:08,N11,331
12-28-2018 02:00:08,N12,311
12-28-2018 02:00:08,N1T,81.50
12-28-2018 02:00:08,N1H,99.90
12-28-2018 02:00:16,P10,535
12-28-2018 02:00:16,P11,471
12-28-2018 02:00:16,P12,397
12-28-2018 02:00:16,P1T,69.62
12-28-2018 02:00:16,P1H,60.00
12-28-2018 02:00:23,F20,621
12-28-2018 02:00:23,F2T,67.64
12-28-2018 02:00:23,F2H,56.60
12-28-2018 02:30:01,F10,691
12-28-2018 02:30:01,F1T,70.52
12-28-2018 02:30:01,F1H,49.80
12-28-2018 02:30:09,N10,366
12-28-2018 02:30:09,N11,330
12-28-2018 02:30:09,N12,309
12-28-2018 02:30:09,N1T,80.96
12-28-2018 02:30:09,N1H,99.90
12-28-2018 02:30:16,P10,544
12-28-2018 02:30:16,P11,469
12-28-2018 02:30:16,P12,393
12-28-2018 02:30:16,P1T,69.44
12-28-2018 02:30:16,P1H,59.70
12-28-2018 02:30:23,F20,626
12-28-2018 02:30:23,F2T,67.46
12-28-2018 02:30:23,F2H,56.40
12-28-2018 03:00:01,F10,676
12-28-2018 03:00:01,F1T,70.52
12-28-2018 03:00:01,F1H,49.80
12-28-2018 03:00:08,N10,375
12-28-2018 03:00:08,N11,326
12-28-2018 03:00:08,N12,314
12-28-2018 03:00:08,N1T,80.60
12-28-2018 03:00:08,N1H,99.90
12-28-2018 03:00:16,P10,541
12-28-2018 03:00:16,P11,470
12-28-2018 03:00:16,P12,394
12-28-2018 03:00:16,P1T,69.44
12-28-2018 03:00:16,P1H,63.90
12-28-2018 03:00:23,F20,622
12-28-2018 03:00:23,F2T,67.46
12-28-2018 03:00:23,F2H,56.40
12-28-2018 03:30:01,F10,686
12-28-2018 03:30:01,F1T,70.34
12-28-2018 03:30:01,F1H,49.70
12-28-2018 03:30:09,N10,384
12-28-2018 03:30:09,N11,329
12-28-2018 03:30:09,N12,319
12-28-2018 03:30:09,N1T,80.42
12-28-2018 03:30:09,N1H,99.90
12-28-2018 03:30:16,P10,518
12-28-2018 03:30:16,P11,471
12-28-2018 03:30:16,P12,396
12-28-2018 03:30:16,P1T,69.44
12-28-2018 03:30:16,P1H,57.60
12-28-2018 03:30:24,F20,623
12-28-2018 03:30:24,F2T,67.46
12-28-2018 03:30:24,F2H,56.20
12-28-2018 04:00:01,F10,693
12-28-2018 04:00:01,F1T,70.34
12-28-2018 04:00:01,F1H,49.60
12-28-2018 04:00:08,N10,383
12-28-2018 04:00:08,N11,330
12-28-2018 04:00:08,N12,314
12-28-2018 04:00:08,N1T,80.06
12-28-2018 04:00:08,N1H,99.90
12-28-2018 04:00:16,P10,520
12-28-2018 04:00:16,P11,475
12-28-2018 04:00:16,P12,395
12-28-2018 04:00:16,P1T,69.44
12-28-2018 04:00:16,P1H,57.30
12-28-2018 04:00:23,F20,623
12-28-2018 04:00:23,F2T,67.46
12-28-2018 04:00:23,F2H,56.50
12-28-2018 04:30:02,F10,689
12-28-2018 04:30:02,F1T,70.34
12-28-2018 04:30:02,F1H,49.90
12-28-2018 04:30:09,N10,437
12-28-2018 04:30:09,N11,334
12-28-2018 04:30:09,N12,329
12-28-2018 04:30:09,N1T,80.06
12-28-2018 04:30:09,N1H,99.90
12-28-2018 04:30:16,P10,530
12-28-2018 04:30:16,P11,472
12-28-2018 04:30:16,P12,400
12-28-2018 04:30:16,P1T,69.44
12-28-2018 04:30:16,P1H,58.20
12-28-2018 04:30:24,F20,628
12-28-2018 04:30:24,F2T,67.46
12-28-2018 04:30:24,F2H,56.50
12-28-2018 05:00:01,F10,680
12-28-2018 05:00:01,F1T,70.34
12-28-2018 05:00:01,F1H,49.50
12-28-2018 05:00:09,N10,385
12-28-2018 05:00:09,N11,331
12-28-2018 05:00:09,N12,323
12-28-2018 05:00:09,N1T,79.88
12-28-2018 05:00:09,N1H,99.90
12-28-2018 05:00:16,P10,520
12-28-2018 05:00:16,P11,468
12-28-2018 05:00:16,P12,394
12-28-2018 05:00:16,P1T,69.44
12-28-2018 05:00:16,P1H,57.70
12-28-2018 05:00:23,F20,625
12-28-2018 05:00:23,F2T,67.46
12-28-2018 05:00:23,F2H,56.40
12-28-2018 05:30:01,F10,684
12-28-2018 05:30:01,F1T,70.34
12-28-2018 05:30:01,F1H,49.80
12-28-2018 05:30:08,N10,397
12-28-2018 05:30:08,N11,333
12-28-2018 05:30:08,N12,322
12-28-2018 05:30:08,N1T,79.88
12-28-2018 05:30:08,N1H,99.90
12-28-2018 05:30:15,P10,538
12-28-2018 05:30:15,P11,471
12-28-2018 05:30:15,P12,390
12-28-2018 05:30:15,P1T,69.44
12-28-2018 05:30:15,P1H,57.20
12-28-2018 05:30:23,F20,628
12-28-2018 05:30:23,F2T,67.46
12-28-2018 05:30:23,F2H,56.50
12-28-2018 06:00:01,F10,683
12-28-2018 06:00:01,F1T,80.78
12-28-2018 06:00:01,F1H,36.20
12-28-2018 06:00:09,N10,423
12-28-2018 06:00:09,N11,335
12-28-2018 06:00:09,N12,329
12-28-2018 06:00:09,N1T,79.88
12-28-2018 06:00:09,N1H,99.90
12-28-2018 06:00:16,P10,540
12-28-2018 06:00:16,P11,472
12-28-2018 06:00:16,P12,396
12-28-2018 06:00:16,P1T,69.98
12-28-2018 06:00:16,P1H,57.60
12-28-2018 06:00:23,F20,625
12-28-2018 06:00:23,F2T,67.46
12-28-2018 06:00:23,F2H,57.20
12-28-2018 06:30:01,F10,688
12-28-2018 06:30:01,F1T,82.04
12-28-2018 06:30:01,F1H,34.00
12-28-2018 06:30:09,N10,387
12-28-2018 06:30:09,N11,331
12-28-2018 06:30:09,N12,318
12-28-2018 06:30:09,N1T,80.06
12-28-2018 06:30:09,N1H,99.90
12-28-2018 06:30:16,P10,544
12-28-2018 06:30:16,P11,482
12-28-2018 06:30:16,P12,399
12-28-2018 06:30:16,P1T,70.34
12-28-2018 06:30:16,P1H,58.40
12-28-2018 06:30:23,F20,631
12-28-2018 06:30:23,F2T,67.46
12-28-2018 06:30:23,F2H,57.30
12-28-2018 07:00:01,F10,673
12-28-2018 07:00:01,F1T,82.40
12-28-2018 07:00:01,F1H,33.60
12-28-2018 07:00:08,N10,398
12-28-2018 07:00:08,N11,331
12-28-2018 07:00:08,N12,324
12-28-2018 07:00:08,N1T,80.24
12-28-2018 07:00:08,N1H,99.90
12-28-2018 07:00:15,P10,518
12-28-2018 07:00:15,P11,480
12-28-2018 07:00:15,P12,398
12-28-2018 07:00:15,P1T,70.70
12-28-2018 07:00:15,P1H,61.90
12-28-2018 07:00:23,F20,624
12-28-2018 07:00:23,F2T,67.64
12-28-2018 07:00:23,F2H,56.80
12-28-2018 07:30:01,F10,672
12-28-2018 07:30:01,F1T,82.76
12-28-2018 07:30:01,F1H,33.30
12-28-2018 07:30:09,N10,399
12-28-2018 07:30:09,N11,330
12-28-2018 07:30:09,N12,321
12-28-2018 07:30:09,N1T,81.86
12-28-2018 07:30:09,N1H,99.90
12-28-2018 07:30:16,P10,530
12-28-2018 07:30:16,P11,478
12-28-2018 07:30:16,P12,396
12-28-2018 07:30:16,P1T,71.06
12-28-2018 07:30:16,P1H,58.60
12-28-2018 07:30:23,F20,624
12-28-2018 07:30:23,F2T,75.38
12-28-2018 07:30:23,F2H,47.60
12-28-2018 08:00:01,F10,666
12-28-2018 08:00:01,F1T,83.12
12-28-2018 08:00:01,F1H,33.10
12-28-2018 08:00:08,N10,438
12-28-2018 08:00:08,N11,335
12-28-2018 08:00:08,N12,323
12-28-2018 08:00:08,N1T,82.94
12-28-2018 08:00:08,N1H,99.90
12-28-2018 08:00:15,P10,533
12-28-2018 08:00:15,P11,473
12-28-2018 08:00:15,P12,397
12-28-2018 08:00:15,P1T,71.24
12-28-2018 08:00:15,P1H,60.50
12-28-2018 08:00:23,F20,620
12-28-2018 08:00:23,F2T,75.56
12-28-2018 08:00:23,F2H,46.80
12-28-2018 08:30:01,F10,668
12-28-2018 08:30:01,F1T,83.30
12-28-2018 08:30:01,F1H,32.90
12-28-2018 08:30:09,N10,374
12-28-2018 08:30:09,N11,326
12-28-2018 08:30:09,N12,311
12-28-2018 08:30:09,N1T,83.66
12-28-2018 08:30:09,N1H,99.90
12-28-2018 08:30:16,P10,530
12-28-2018 08:30:16,P11,477
12-28-2018 08:30:16,P12,400
12-28-2018 08:30:16,P1T,71.42
12-28-2018 08:30:16,P1H,61.40
12-28-2018 08:30:23,F20,619
12-28-2018 08:30:23,F2T,76.28
12-28-2018 08:30:23,F2H,46.40
12-28-2018 09:00:01,F10,689
12-28-2018 09:00:01,F1T,83.48
12-28-2018 09:00:01,F1H,32.70
12-28-2018 09:00:08,N10,373
12-28-2018 09:00:08,N11,326
12-28-2018 09:00:08,N12,305
12-28-2018 09:00:08,N1T,84.20
12-28-2018 09:00:08,N1H,99.90
12-28-2018 09:00:16,P10,534
12-28-2018 09:00:16,P11,477
12-28-2018 09:00:16,P12,401
12-28-2018 09:00:16,P1T,71.60
12-28-2018 09:00:16,P1H,62.10
12-28-2018 09:00:23,F20,620
12-28-2018 09:00:23,F2T,76.10
12-28-2018 09:00:23,F2H,45.90
12-28-2018 09:30:01,F10,677
12-28-2018 09:30:01,F1T,83.48
12-28-2018 09:30:01,F1H,32.50
12-28-2018 09:30:09,N10,436
12-28-2018 09:30:09,N11,330
12-28-2018 09:30:09,N12,312
12-28-2018 09:30:09,N1T,84.56
12-28-2018 09:30:09,N1H,99.90
12-28-2018 09:30:16,P10,526
12-28-2018 09:30:16,P11,477
12-28-2018 09:30:16,P12,396
12-28-2018 09:30:16,P1T,71.60
12-28-2018 09:30:16,P1H,60.90
12-28-2018 09:30:23,F20,619
12-28-2018 09:30:23,F2T,76.28
12-28-2018 09:30:23,F2H,45.70
12-28-2018 10:00:01,F10,686
12-28-2018 10:00:01,F1T,83.66
12-28-2018 10:00:01,F1H,32.40
12-28-2018 10:00:08,N10,368
12-28-2018 10:00:08,N11,324
12-28-2018 10:00:08,N12,305
12-28-2018 10:00:08,N1T,84.74
12-28-2018 10:00:08,N1H,99.90
12-28-2018 10:00:16,P10,531
12-28-2018 10:00:16,P11,479
12-28-2018 10:00:16,P12,396
12-28-2018 10:00:16,P1T,71.60
12-28-2018 10:00:16,P1H,61.90
12-28-2018 10:00:23,F20,619
12-28-2018 10:00:23,F2T,76.28
12-28-2018 10:00:23,F2H,45.70
12-28-2018 10:30:02,F10,672
12-28-2018 10:30:02,F1T,83.66
12-28-2018 10:30:02,F1H,32.20
12-28-2018 10:30:09,N10,367
12-28-2018 10:30:09,N11,329
12-28-2018 10:30:09,N12,308
12-28-2018 10:30:09,N1T,84.92
12-28-2018 10:30:09,N1H,99.90
12-28-2018 10:30:16,P10,545
12-28-2018 10:30:16,P11,475
12-28-2018 10:30:16,P12,396
12-28-2018 10:30:16,P1T,71.78
12-28-2018 10:30:16,P1H,59.90
12-28-2018 10:30:24,F20,623
12-28-2018 10:30:24,F2T,76.28
12-28-2018 10:30:24,F2H,45.80
12-28-2018 11:00:01,F10,688
12-28-2018 11:00:01,F1T,83.84
12-28-2018 11:00:01,F1H,32.20
12-28-2018 11:00:08,N10,366
12-28-2018 11:00:08,N11,324
12-28-2018 11:00:08,N12,304
12-28-2018 11:00:08,N1T,85.10
12-28-2018 11:00:08,N1H,99.90
12-28-2018 11:00:16,P10,525
12-28-2018 11:00:16,P11,482
12-28-2018 11:00:16,P12,400
12-28-2018 11:00:16,P1T,71.78
12-28-2018 11:00:16,P1H,59.80
12-28-2018 11:00:23,F20,629
12-28-2018 11:00:23,F2T,76.28
12-28-2018 11:00:23,F2H,45.70
12-28-2018 11:30:01,F10,692
12-28-2018 11:30:01,F1T,83.84
12-28-2018 11:30:01,F1H,31.80
12-28-2018 11:30:08,N10,369
12-28-2018 11:30:08,N11,326
12-28-2018 11:30:08,N12,308
12-28-2018 11:30:08,N1T,85.28
12-28-2018 11:30:08,N1H,99.90
12-28-2018 11:30:15,P10,535
12-28-2018 11:30:15,P11,478
12-28-2018 11:30:15,P12,394
12-28-2018 11:30:15,P1T,71.78
12-28-2018 11:30:15,P1H,59.70
12-28-2018 11:30:23,F20,626
12-28-2018 11:30:23,F2T,76.46
12-28-2018 11:30:23,F2H,45.60
12-28-2018 12:00:01,F10,689
12-28-2018 12:00:01,F1T,84.20
12-28-2018 12:00:01,F1H,32.40
12-28-2018 12:00:09,N10,368
12-28-2018 12:00:09,N11,328
12-28-2018 12:00:09,N12,306
12-28-2018 12:00:09,N1T,85.28
12-28-2018 12:00:09,N1H,99.90
12-28-2018 12:00:16,P10,525
12-28-2018 12:00:16,P11,477
12-28-2018 12:00:16,P12,399
12-28-2018 12:00:16,P1T,72.14
12-28-2018 12:00:16,P1H,54.40
12-28-2018 12:00:23,F20,627
12-28-2018 12:00:23,F2T,76.64
12-28-2018 12:00:23,F2H,46.10
12-28-2018 12:30:01,F10,701
12-28-2018 12:30:01,F1T,84.56
12-28-2018 12:30:01,F1H,30.40
12-28-2018 12:30:08,N10,370
12-28-2018 12:30:08,N11,328
12-28-2018 12:30:08,N12,306
12-28-2018 12:30:08,N1T,82.94
12-28-2018 12:30:08,N1H,99.90
12-28-2018 12:30:16,P10,527
12-28-2018 12:30:16,P11,481
12-28-2018 12:30:16,P12,400
12-28-2018 12:30:16,P1T,71.96
12-28-2018 12:30:16,P1H,52.90
12-28-2018 12:30:23,F20,632
12-28-2018 12:30:23,F2T,77.18
12-28-2018 12:30:23,F2H,43.90
12-28-2018 13:00:01,F10,707
12-28-2018 13:00:01,F1T,84.20
12-28-2018 13:00:01,F1H,30.90
12-28-2018 13:00:09,N10,368
12-28-2018 13:00:09,N11,324
12-28-2018 13:00:09,N12,311
12-28-2018 13:00:09,N1T,83.48
12-28-2018 13:00:09,N1H,99.90
12-28-2018 13:00:16,P10,535
12-28-2018 13:00:16,P11,483
12-28-2018 13:00:16,P12,402
12-28-2018 13:00:16,P1T,71.78
12-28-2018 13:00:16,P1H,57.40
12-28-2018 13:00:23,F20,634
12-28-2018 13:00:23,F2T,76.28
12-28-2018 13:00:23,F2H,45.40
12-28-2018 13:30:01,F10,709
12-28-2018 13:30:01,F1T,84.20
12-28-2018 13:30:01,F1H,30.80
12-28-2018 13:30:08,N10,367
12-28-2018 13:30:08,N11,327
12-28-2018 13:30:08,N12,307
12-28-2018 13:30:08,N1T,83.66
12-28-2018 13:30:08,N1H,99.90
12-28-2018 13:30:16,P10,521
12-28-2018 13:30:16,P11,475
12-28-2018 13:30:16,P12,401
12-28-2018 13:30:16,P1T,71.60
12-28-2018 13:30:16,P1H,54.60
12-28-2018 13:30:23,F20,630
12-28-2018 13:30:23,F2T,76.46
12-28-2018 13:30:23,F2H,44.70
12-28-2018 14:00:01,F10,701
12-28-2018 14:00:01,F1T,84.02
12-28-2018 14:00:01,F1H,30.50
12-28-2018 14:00:09,N10,369
12-28-2018 14:00:09,N11,330
12-28-2018 14:00:09,N12,311
12-28-2018 14:00:09,N1T,83.66
12-28-2018 14:00:09,N1H,99.90
12-28-2018 14:00:16,P10,535
12-28-2018 14:00:16,P11,476
12-28-2018 14:00:16,P12,405
12-28-2018 14:00:16,P1T,71.78
12-28-2018 14:00:16,P1H,57.60
12-28-2018 14:00:24,F20,636
12-28-2018 14:00:24,F2T,76.46
12-28-2018 14:00:24,F2H,44.40
12-28-2018 14:30:01,F10,700
12-28-2018 14:30:01,F1T,84.20
12-28-2018 14:30:01,F1H,30.70
12-28-2018 14:30:09,N10,371
12-28-2018 14:30:09,N11,330
12-28-2018 14:30:09,N12,310
12-28-2018 14:30:09,N1T,83.66
12-28-2018 14:30:09,N1H,99.90
12-28-2018 14:30:16,P10,539
12-28-2018 14:30:16,P11,484
12-28-2018 14:30:16,P12,407
12-28-2018 14:30:16,P1T,71.78
12-28-2018 14:30:16,P1H,52.80
12-28-2018 14:30:23,F20,631
12-28-2018 14:30:23,F2T,76.46
12-28-2018 14:30:23,F2H,45.00
12-28-2018 15:00:01,F10,699
12-28-2018 15:00:01,F1T,84.20
12-28-2018 15:00:01,F1H,30.50
12-28-2018 15:00:08,N10,372
12-28-2018 15:00:08,N11,330
12-28-2018 15:00:08,N12,313
12-28-2018 15:00:08,N1T,83.66
12-28-2018 15:00:08,N1H,99.90
12-28-2018 15:00:15,P10,532
12-28-2018 15:00:15,P11,490
12-28-2018 15:00:15,P12,398
12-28-2018 15:00:15,P1T,71.78
12-28-2018 15:00:15,P1H,52.00
12-28-2018 15:00:23,F20,632
12-28-2018 15:00:23,F2T,76.46
12-28-2018 15:00:23,F2H,44.70
12-28-2018 15:30:01,F10,698
12-28-2018 15:30:01,F1T,84.20
12-28-2018 15:30:01,F1H,30.30
12-28-2018 15:30:09,N10,372
12-28-2018 15:30:09,N11,330
12-28-2018 15:30:09,N12,311
12-28-2018 15:30:09,N1T,83.30
12-28-2018 15:30:09,N1H,99.90
12-28-2018 15:30:16,P10,543
12-28-2018 15:30:16,P11,483
12-28-2018 15:30:16,P12,403
12-28-2018 15:30:16,P1T,71.78
12-28-2018 15:30:16,P1H,53.40
12-28-2018 15:30:23,F20,640
12-28-2018 15:30:23,F2T,76.46
12-28-2018 15:30:23,F2H,44.10
12-28-2018 16:00:01,F10,700
12-28-2018 16:00:01,F1T,84.20
12-28-2018 16:00:01,F1H,30.00
12-28-2018 16:00:08,N10,374
12-28-2018 16:00:08,N11,332
12-28-2018 16:00:08,N12,311
12-28-2018 16:00:08,N1T,83.12
12-28-2018 16:00:08,N1H,99.90
12-28-2018 16:00:16,P10,547
12-28-2018 16:00:16,P11,483
12-28-2018 16:00:16,P12,403
12-28-2018 16:00:16,P1T,71.60
12-28-2018 16:00:16,P1H,56.80
12-28-2018 16:00:23,F20,644
12-28-2018 16:00:23,F2T,76.64
12-28-2018 16:00:23,F2H,43.80
12-28-2018 16:30:01,F10,718
12-28-2018 16:30:01,F1T,84.02
12-28-2018 16:30:01,F1H,30.00
12-28-2018 16:30:09,N10,373
12-28-2018 16:30:09,N11,333
12-28-2018 16:30:09,N12,311
12-28-2018 16:30:09,N1T,83.12
12-28-2018 16:30:09,N1H,99.90
12-28-2018 16:30:16,P10,537
12-28-2018 16:30:16,P11,484
12-28-2018 16:30:16,P12,404
12-28-2018 16:30:16,P1T,71.60
12-28-2018 16:30:16,P1H,54.30
12-28-2018 16:30:23,F20,641
12-28-2018 16:30:23,F2T,76.64
12-28-2018 16:30:23,F2H,43.50
12-28-2018 17:00:01,F10,713
12-28-2018 17:00:01,F1T,84.56
12-28-2018 17:00:01,F1H,30.30
12-28-2018 17:00:08,N10,376
12-28-2018 17:00:08,N11,331
12-28-2018 17:00:08,N12,314
12-28-2018 17:00:08,N1T,83.48
12-28-2018 17:00:08,N1H,99.90
12-28-2018 17:00:16,P10,545
12-28-2018 17:00:16,P11,487
12-28-2018 17:00:16,P12,399
12-28-2018 17:00:16,P1T,71.96
12-28-2018 17:00:16,P1H,56.40
12-28-2018 17:00:23,F20,640
12-28-2018 17:00:23,F2T,76.64
12-28-2018 17:00:23,F2H,44.40
12-28-2018 17:30:02,F10,726
12-28-2018 17:30:02,F1T,84.38
12-28-2018 17:30:02,F1H,30.00
12-28-2018 17:30:09,N10,368
12-28-2018 17:30:09,N11,329
12-28-2018 17:30:09,N12,314
12-28-2018 17:30:09,N1T,83.12
12-28-2018 17:30:09,N1H,99.90
12-28-2018 17:30:16,P10,540
12-28-2018 17:30:16,P11,487
12-28-2018 17:30:16,P12,402
12-28-2018 17:30:16,P1T,71.78
12-28-2018 17:30:16,P1H,54.30
12-28-2018 17:30:24,F20,643
12-28-2018 17:30:24,F2T,76.64
12-28-2018 17:30:24,F2H,43.80
12-28-2018 18:00:01,F10,727
12-28-2018 18:00:01,F1T,84.38
12-28-2018 18:00:01,F1H,30.10
12-28-2018 18:00:09,N10,374
12-28-2018 18:00:09,N11,333
12-28-2018 18:00:09,N12,310
12-28-2018 18:00:09,N1T,83.12
12-28-2018 18:00:09,N1H,99.90
12-28-2018 18:00:16,P10,546
12-28-2018 18:00:16,P11,491
12-28-2018 18:00:16,P12,397
12-28-2018 18:00:16,P1T,71.78
12-28-2018 18:00:16,P1H,56.30
12-28-2018 18:00:23,F20,643
12-28-2018 18:00:23,F2T,76.46
12-28-2018 18:00:23,F2H,43.30
12-28-2018 18:30:01,F10,735
12-28-2018 18:30:01,F1T,84.38
12-28-2018 18:30:01,F1H,30.00
12-28-2018 18:30:08,N10,372
12-28-2018 18:30:08,N11,331
12-28-2018 18:30:08,N12,311
12-28-2018 18:30:08,N1T,82.94
12-28-2018 18:30:08,N1H,99.90
12-28-2018 18:30:15,P10,534
12-28-2018 18:30:15,P11,487
12-28-2018 18:30:15,P12,404
12-28-2018 18:30:15,P1T,71.60
12-28-2018 18:30:15,P1H,54.10
12-28-2018 18:30:23,F20,646
12-28-2018 18:30:23,F2T,76.64
12-28-2018 18:30:23,F2H,43.00
12-28-2018 18:54:50,F10,741
12-28-2018 18:54:50,F1T,84.20
12-28-2018 18:54:50,F1H,29.80
12-28-2018 18:54:58,N10,372
12-28-2018 18:54:58,N11,332
12-28-2018 18:54:58,N12,314
12-28-2018 18:54:58,N1T,82.94
12-28-2018 18:54:58,N1H,99.90
12-28-2018 18:55:05,P10,546
12-28-2018 18:55:05,P11,475
12-28-2018 18:55:05,P12,410
12-28-2018 18:55:05,P1T,71.60
12-28-2018 18:55:05,P1H,56.40
12-28-2018 18:55:12,F20,659
12-28-2018 18:55:12,F2T,76.82
12-28-2018 18:55:12,F2H,42.10
12-28-2018 19:00:01,F10,733
12-28-2018 19:00:01,F1T,75.56
12-28-2018 19:00:01,F1H,39.40
12-28-2018 19:00:09,N10,374
12-28-2018 19:00:09,N11,334
12-28-2018 19:00:09,N12,316
12-28-2018 19:00:09,N1T,82.58
12-28-2018 19:00:09,N1H,99.90
12-28-2018 19:00:16,P10,533
12-28-2018 19:00:16,P11,481
12-28-2018 19:00:16,P12,404
12-28-2018 19:00:16,P1T,71.24
12-28-2018 19:00:16,P1H,53.80
12-28-2018 19:00:23,F20,663
12-28-2018 19:00:23,F2T,70.34
12-28-2018 19:00:23,F2H,49.20
12-28-2018 19:02:51,F10,732
12-28-2018 19:02:51,F1T,74.84
12-28-2018 19:02:51,F1H,40.10
12-28-2018 19:02:58,N10,371
12-28-2018 19:02:58,N11,335
12-28-2018 19:02:58,N12,316
12-28-2018 19:02:58,N1T,82.58
12-28-2018 19:02:58,N1H,99.90
12-28-2018 19:03:06,P10,540
12-28-2018 19:03:06,P11,477
12-28-2018 19:03:06,P12,404
12-28-2018 19:03:06,P1T,71.06
12-28-2018 19:03:06,P1H,54.40
12-28-2018 19:03:13,F20,664
12-28-2018 19:03:13,F2T,69.98
12-28-2018 19:03:13,F2H,49.40
12-28-2018 19:30:01,F10,751
12-28-2018 19:30:01,F1T,74.48
12-28-2018 19:30:01,F1H,40.70
12-28-2018 19:30:08,N10,367
12-28-2018 19:30:08,N11,331
12-28-2018 19:30:08,N12,314
12-28-2018 19:30:08,N1T,82.58
12-28-2018 19:30:08,N1H,99.90
12-28-2018 19:30:16,P10,542
12-28-2018 19:30:16,P11,480
12-28-2018 19:30:16,P12,390
12-28-2018 19:30:16,P1T,71.06
12-28-2018 19:30:16,P1H,56.80
12-28-2018 19:30:23,F20,657
12-28-2018 19:30:23,F2T,69.80
12-28-2018 19:30:23,F2H,49.50
12-28-2018 20:00:01,F10,745
12-28-2018 20:00:01,F1T,73.04
12-28-2018 20:00:01,F1H,42.80
12-28-2018 20:00:09,N10,368
12-28-2018 20:00:09,N11,329
12-28-2018 20:00:09,N12,311
12-28-2018 20:00:09,N1T,82.40
12-28-2018 20:00:09,N1H,99.90
12-28-2018 20:00:16,P10,548
12-28-2018 20:00:16,P11,495
12-28-2018 20:00:16,P12,390
12-28-2018 20:00:16,P1T,70.88
12-28-2018 20:00:16,P1H,59.40
12-28-2018 20:00:23,F20,666
12-28-2018 20:00:23,F2T,69.44
12-28-2018 20:00:23,F2H,50.40
12-28-2018 20:30:01,F10,741
12-28-2018 20:30:01,F1T,72.50
12-28-2018 20:30:01,F1H,43.40
12-28-2018 20:30:08,N10,372
12-28-2018 20:30:08,N11,329
12-28-2018 20:30:08,N12,313
12-28-2018 20:30:08,N1T,82.40
12-28-2018 20:30:08,N1H,99.90
12-28-2018 20:30:16,P10,544
12-28-2018 20:30:16,P11,489
12-28-2018 20:30:16,P12,401
12-28-2018 20:30:16,P1T,70.88
12-28-2018 20:30:16,P1H,57.20
12-28-2018 20:30:23,F20,667
12-28-2018 20:30:23,F2T,69.08
12-28-2018 20:30:23,F2H,51.20
12-28-2018 21:00:01,F10,769
12-28-2018 21:00:01,F1T,72.14
12-28-2018 21:00:01,F1H,43.80
12-28-2018 21:00:09,N10,373
12-28-2018 21:00:09,N11,331
12-28-2018 21:00:09,N12,316
12-28-2018 21:00:09,N1T,82.40
12-28-2018 21:00:09,N1H,99.90
12-28-2018 21:00:16,P10,545
12-28-2018 21:00:16,P11,482
12-28-2018 21:00:16,P12,398
12-28-2018 21:00:16,P1T,70.70
12-28-2018 21:00:16,P1H,59.00
12-28-2018 21:00:24,F20,670
12-28-2018 21:00:24,F2T,68.90
12-28-2018 21:00:24,F2H,51.50
12-28-2018 21:30:01,F10,753
12-28-2018 21:30:01,F1T,71.96
12-28-2018 21:30:01,F1H,43.90
12-28-2018 21:30:09,N10,364
12-28-2018 21:30:09,N11,328
12-28-2018 21:30:09,N12,313
12-28-2018 21:30:09,N1T,82.22
12-28-2018 21:30:09,N1H,99.90
12-28-2018 21:30:16,P10,552
12-28-2018 21:30:16,P11,490
12-28-2018 21:30:16,P12,406
12-28-2018 21:30:16,P1T,70.70
12-28-2018 21:30:16,P1H,56.80
12-28-2018 21:30:23,F20,671
12-28-2018 21:30:23,F2T,68.54
12-28-2018 21:30:23,F2H,51.60
12-28-2018 22:00:01,F10,777
12-28-2018 22:00:01,F1T,71.96
12-28-2018 22:00:01,F1H,44.10
12-28-2018 22:00:08,N10,359
12-28-2018 22:00:08,N11,329
12-28-2018 22:00:08,N12,313
12-28-2018 22:00:08,N1T,82.22
12-28-2018 22:00:08,N1H,99.90
12-28-2018 22:00:15,P10,563
12-28-2018 22:00:15,P11,479
12-28-2018 22:00:15,P12,414
12-28-2018 22:00:15,P1T,70.70
12-28-2018 22:00:15,P1H,57.10
12-28-2018 22:00:23,F20,674
12-28-2018 22:00:23,F2T,68.54
12-28-2018 22:00:23,F2H,51.90
12-28-2018 22:30:01,F10,774
12-28-2018 22:30:01,F1T,71.78
12-28-2018 22:30:01,F1H,44.00
12-28-2018 22:30:09,N10,363
12-28-2018 22:30:09,N11,330
12-28-2018 22:30:09,N12,309
12-28-2018 22:30:09,N1T,82.22
12-28-2018 22:30:09,N1H,99.90
12-28-2018 22:30:16,P10,534
12-28-2018 22:30:16,P11,483
12-28-2018 22:30:16,P12,405
12-28-2018 22:30:16,P1T,70.70
12-28-2018 22:30:16,P1H,57.40
12-28-2018 22:30:23,F20,675
12-28-2018 22:30:23,F2T,68.36
12-28-2018 22:30:23,F2H,52.20
12-28-2018 23:00:01,F10,762
12-28-2018 23:00:01,F1T,71.78
12-28-2018 23:00:01,F1H,44.00
12-28-2018 23:00:08,N10,363
12-28-2018 23:00:08,N11,329
12-28-2018 23:00:08,N12,314
12-28-2018 23:00:08,N1T,82.22
12-28-2018 23:00:08,N1H,99.90
12-28-2018 23:00:16,P10,550
12-28-2018 23:00:16,P11,486
12-28-2018 23:00:16,P12,412
12-28-2018 23:00:16,P1T,70.70
12-28-2018 23:00:16,P1H,55.10
12-28-2018 23:00:23,F20,676
12-28-2018 23:00:23,F2T,68.36
12-28-2018 23:00:23,F2H,52.30
12-28-2018 23:30:01,F10,779
12-28-2018 23:30:01,F1T,71.60
12-28-2018 23:30:01,F1H,44.10
12-28-2018 23:30:09,N10,366
12-28-2018 23:30:09,N11,329
12-28-2018 23:30:09,N12,315
12-28-2018 23:30:09,N1T,82.22
12-28-2018 23:30:09,N1H,99.90
12-28-2018 23:30:16,P10,562
12-28-2018 23:30:16,P11,497
12-28-2018 23:30:16,P12,406
12-28-2018 23:30:16,P1T,70.70
12-28-2018 23:30:16,P1H,56.90
12-28-2018 23:30:24,F20,677
12-28-2018 23:30:24,F2T,68.18
12-28-2018 23:30:24,F2H,52.10
12-29-2018 00:00:01,F10,793
12-29-2018 00:00:01,F1T,71.60
12-29-2018 00:00:01,F1H,44.40
12-29-2018 00:00:08,N10,361
12-29-2018 00:00:08,N11,332
12-29-2018 00:00:08,N12,314
12-29-2018 00:00:08,N1T,82.22
12-29-2018 00:00:08,N1H,99.90
12-29-2018 00:00:16,P10,536
12-29-2018 00:00:16,P11,488
12-29-2018 00:00:16,P12,415
12-29-2018 00:00:16,P1T,70.52
12-29-2018 00:00:16,P1H,57.20
12-29-2018 00:00:23,F20,678
12-29-2018 00:00:23,F2T,68.18
12-29-2018 00:00:23,F2H,52.40
12-29-2018 00:30:01,F10,789
12-29-2018 00:30:01,F1T,71.42
12-29-2018 00:30:01,F1H,43.70
12-29-2018 00:30:08,N10,360
12-29-2018 00:30:08,N11,330
12-29-2018 00:30:08,N12,313
12-29-2018 00:30:08,N1T,82.04
12-29-2018 00:30:08,N1H,99.90
12-29-2018 00:30:15,P10,553
12-29-2018 00:30:15,P11,497
12-29-2018 00:30:15,P12,407
12-29-2018 00:30:15,P1T,70.52
12-29-2018 00:30:15,P1H,57.00
12-29-2018 00:30:23,F20,678
12-29-2018 00:30:23,F2T,68.00
12-29-2018 00:30:23,F2H,52.00
12-29-2018 01:00:01,F10,792
12-29-2018 01:00:01,F1T,71.24
12-29-2018 01:00:01,F1H,44.00
12-29-2018 01:00:09,N10,365
12-29-2018 01:00:09,N11,331
12-29-2018 01:00:09,N12,318
12-29-2018 01:00:09,N1T,81.86
12-29-2018 01:00:09,N1H,99.90
12-29-2018 01:00:16,P10,548
12-29-2018 01:00:16,P11,496
12-29-2018 01:00:16,P12,412
12-29-2018 01:00:16,P1T,69.98
12-29-2018 01:00:16,P1H,54.50
12-29-2018 01:00:23,F20,678
12-29-2018 01:00:23,F2T,68.00
12-29-2018 01:00:23,F2H,51.40
12-29-2018 01:30:01,F10,798
12-29-2018 01:30:01,F1T,71.42
12-29-2018 01:30:01,F1H,44.30
12-29-2018 01:30:08,N10,364
12-29-2018 01:30:08,N11,332
12-29-2018 01:30:08,N12,316
12-29-2018 01:30:08,N1T,80.42
12-29-2018 01:30:08,N1H,99.90
12-29-2018 01:30:16,P10,549
12-29-2018 01:30:16,P11,498
12-29-2018 01:30:16,P12,413
12-29-2018 01:30:16,P1T,69.80
12-29-2018 01:30:16,P1H,55.50
12-29-2018 01:30:23,F20,680
12-29-2018 01:30:23,F2T,68.18
12-29-2018 01:30:23,F2H,51.10
12-29-2018 02:00:01,F10,801
12-29-2018 02:00:01,F1T,71.24
12-29-2018 02:00:01,F1H,44.40
12-29-2018 02:00:09,N10,366
12-29-2018 02:00:09,N11,331
12-29-2018 02:00:09,N12,317
12-29-2018 02:00:09,N1T,79.70
12-29-2018 02:00:09,N1H,99.90
12-29-2018 02:00:16,P10,564
12-29-2018 02:00:16,P11,484
12-29-2018 02:00:16,P12,415
12-29-2018 02:00:16,P1T,69.62
12-29-2018 02:00:16,P1H,53.00
12-29-2018 02:00:23,F20,682
12-29-2018 02:00:23,F2T,68.18
12-29-2018 02:00:23,F2H,50.50
12-29-2018 02:30:01,F10,785
12-29-2018 02:30:01,F1T,71.24
12-29-2018 02:30:01,F1H,44.40
12-29-2018 02:30:08,N10,366
12-29-2018 02:30:08,N11,331
12-29-2018 02:30:08,N12,318
12-29-2018 02:30:08,N1T,79.34
12-29-2018 02:30:08,N1H,99.90
12-29-2018 02:30:16,P10,544
12-29-2018 02:30:16,P11,489
12-29-2018 02:30:16,P12,412
12-29-2018 02:30:16,P1T,69.62
12-29-2018 02:30:16,P1H,53.20
12-29-2018 02:30:23,F20,683
12-29-2018 02:30:23,F2T,68.18
12-29-2018 02:30:23,F2H,50.40
12-29-2018 03:00:01,F10,778
12-29-2018 03:00:01,F1T,71.24
12-29-2018 03:00:01,F1H,44.30
12-29-2018 03:00:09,N10,368
12-29-2018 03:00:09,N11,328
12-29-2018 03:00:09,N12,318
12-29-2018 03:00:09,N1T,79.16
12-29-2018 03:00:09,N1H,99.90
12-29-2018 03:00:16,P10,557
12-29-2018 03:00:16,P11,501
12-29-2018 03:00:16,P12,410
12-29-2018 03:00:16,P1T,69.62
12-29-2018 03:00:16,P1H,52.80
12-29-2018 03:00:24,F20,682
12-29-2018 03:00:24,F2T,68.18
12-29-2018 03:00:24,F2H,50.30
12-29-2018 03:30:01,F10,786
12-29-2018 03:30:01,F1T,71.24
12-29-2018 03:30:01,F1H,44.30
12-29-2018 03:30:08,N10,369
12-29-2018 03:30:08,N11,333
12-29-2018 03:30:08,N12,323
12-29-2018 03:30:08,N1T,78.80
12-29-2018 03:30:08,N1H,99.90
12-29-2018 03:30:16,P10,546
12-29-2018 03:30:16,P11,503
12-29-2018 03:30:16,P12,422
12-29-2018 03:30:16,P1T,69.62
12-29-2018 03:30:16,P1H,52.70
12-29-2018 03:30:23,F20,683
12-29-2018 03:30:23,F2T,68.18
12-29-2018 03:30:23,F2H,50.00
12-29-2018 04:00:02,F10,782
12-29-2018 04:00:02,F1T,71.06
12-29-2018 04:00:02,F1H,44.30
12-29-2018 04:00:09,N10,366
12-29-2018 04:00:09,N11,333
12-29-2018 04:00:09,N12,322
12-29-2018 04:00:09,N1T,78.62
12-29-2018 04:00:09,N1H,99.90
12-29-2018 04:00:16,P10,559
12-29-2018 04:00:16,P11,504
12-29-2018 04:00:16,P12,421
12-29-2018 04:00:16,P1T,69.62
12-29-2018 04:00:16,P1H,51.90
12-29-2018 04:00:24,F20,684
12-29-2018 04:00:24,F2T,68.18
12-29-2018 04:00:24,F2H,50.10
12-29-2018 04:30:01,F10,797
12-29-2018 04:30:01,F1T,71.06
12-29-2018 04:30:01,F1H,44.30
12-29-2018 04:30:09,N10,369
12-29-2018 04:30:09,N11,334
12-29-2018 04:30:09,N12,322
12-29-2018 04:30:09,N1T,78.62
12-29-2018 04:30:09,N1H,99.90
12-29-2018 04:30:16,P10,561
12-29-2018 04:30:16,P11,486
12-29-2018 04:30:16,P12,416
12-29-2018 04:30:16,P1T,69.62
12-29-2018 04:30:16,P1H,51.70
12-29-2018 04:30:23,F20,682
12-29-2018 04:30:23,F2T,68.18
12-29-2018 04:30:23,F2H,49.90
12-29-2018 05:00:01,F10,808
12-29-2018 05:00:01,F1T,70.88
12-29-2018 05:00:01,F1H,44.10
12-29-2018 05:00:08,N10,370
12-29-2018 05:00:08,N11,334
12-29-2018 05:00:08,N12,323
12-29-2018 05:00:08,N1T,78.44
12-29-2018 05:00:08,N1H,99.90
12-29-2018 05:00:15,P10,563
12-29-2018 05:00:15,P11,496
12-29-2018 05:00:15,P12,418
12-29-2018 05:00:15,P1T,69.62
12-29-2018 05:00:15,P1H,50.50
12-29-2018 05:00:23,F20,686
12-29-2018 05:00:23,F2T,68.18
12-29-2018 05:00:23,F2H,50.00
12-29-2018 05:30:01,F10,798
12-29-2018 05:30:01,F1T,70.88
12-29-2018 05:30:01,F1H,44.10
12-29-2018 05:30:09,N10,370
12-29-2018 05:30:09,N11,335
12-29-2018 05:30:09,N12,323
12-29-2018 05:30:09,N1T,78.26
12-29-2018 05:30:09,N1H,99.90
12-29-2018 05:30:16,P10,570
12-29-2018 05:30:16,P11,499
12-29-2018 05:30:16,P12,420
12-29-2018 05:30:16,P1T,69.44
12-29-2018 05:30:16,P1H,50.50
12-29-2018 05:30:23,F20,684
12-29-2018 05:30:23,F2T,68.00
12-29-2018 05:30:23,F2H,49.90
12-29-2018 06:00:01,F10,799
12-29-2018 06:00:01,F1T,81.32
12-29-2018 06:00:01,F1H,31.40
12-29-2018 06:00:08,N10,370
12-29-2018 06:00:08,N11,334
12-29-2018 06:00:08,N12,326
12-29-2018 06:00:08,N1T,78.26
12-29-2018 06:00:08,N1H,99.90
12-29-2018 06:00:16,P10,562
12-29-2018 06:00:16,P11,503
12-29-2018 06:00:16,P12,415
12-29-2018 06:00:16,P1T,69.98
12-29-2018 06:00:16,P1H,53.20
12-29-2018 06:00:23,F20,685
12-29-2018 06:00:23,F2T,67.64
12-29-2018 06:00:23,F2H,50.70
12-29-2018 06:30:01,F10,781
12-29-2018 06:30:01,F1T,82.58
12-29-2018 06:30:01,F1H,29.80
12-29-2018 06:30:09,N10,370
12-29-2018 06:30:09,N11,335
12-29-2018 06:30:09,N12,321
12-29-2018 06:30:09,N1T,78.44
12-29-2018 06:30:09,N1H,99.90
12-29-2018 06:30:16,P10,563
12-29-2018 06:30:16,P11,505
12-29-2018 06:30:16,P12,419
12-29-2018 06:30:16,P1T,70.16
12-29-2018 06:30:16,P1H,51.40
12-29-2018 06:30:23,F20,685
12-29-2018 06:30:23,F2T,67.64
12-29-2018 06:30:23,F2H,51.10
12-29-2018 07:00:01,F10,818
12-29-2018 07:00:01,F1T,83.48
12-29-2018 07:00:01,F1H,29.40
12-29-2018 07:00:08,N10,371
12-29-2018 07:00:08,N11,335
12-29-2018 07:00:08,N12,321
12-29-2018 07:00:08,N1T,80.60
12-29-2018 07:00:08,N1H,99.90
12-29-2018 07:00:16,P10,552
12-29-2018 07:00:16,P11,492
12-29-2018 07:00:16,P12,415
12-29-2018 07:00:16,P1T,71.24
12-29-2018 07:00:16,P1H,57.60
12-29-2018 07:00:23,F20,688
12-29-2018 07:00:23,F2T,75.02
12-29-2018 07:00:23,F2H,43.50
12-29-2018 07:30:02,F10,789
12-29-2018 07:30:02,F1T,83.48
12-29-2018 07:30:02,F1H,29.40
12-29-2018 07:30:09,N10,370
12-29-2018 07:30:09,N11,331
12-29-2018 07:30:09,N12,329
12-29-2018 07:30:09,N1T,80.78
12-29-2018 07:30:09,N1H,99.90
12-29-2018 07:30:16,P10,551
12-29-2018 07:30:16,P11,491
12-29-2018 07:30:16,P12,405
12-29-2018 07:30:16,P1T,71.24
12-29-2018 07:30:16,P1H,48.70
12-29-2018 07:30:24,F20,679
12-29-2018 07:30:24,F2T,75.38
12-29-2018 07:30:24,F2H,43.30
12-29-2018 08:00:01,F10,809
12-29-2018 08:00:01,F1T,83.84
12-29-2018 08:00:01,F1H,29.30
12-29-2018 08:00:09,N10,366
12-29-2018 08:00:09,N11,334
12-29-2018 08:00:09,N12,322
12-29-2018 08:00:09,N1T,81.86
12-29-2018 08:00:09,N1H,99.90
12-29-2018 08:00:16,P10,545
12-29-2018 08:00:16,P11,493
12-29-2018 08:00:16,P12,412
12-29-2018 08:00:16,P1T,71.60
12-29-2018 08:00:16,P1H,50.50
12-29-2018 08:00:23,F20,678
12-29-2018 08:00:23,F2T,75.20
12-29-2018 08:00:23,F2H,43.00
12-29-2018 08:30:01,F10,823
12-29-2018 08:30:01,F1T,84.02
12-29-2018 08:30:01,F1H,29.30
12-29-2018 08:30:08,N10,365
12-29-2018 08:30:08,N11,332
12-29-2018 08:30:08,N12,319
12-29-2018 08:30:08,N1T,82.58
12-29-2018 08:30:08,N1H,99.90
12-29-2018 08:30:16,P10,555
12-29-2018 08:30:16,P11,484
12-29-2018 08:30:16,P12,410
12-29-2018 08:30:16,P1T,71.78
12-29-2018 08:30:16,P1H,49.60
12-29-2018 08:30:23,F20,677
12-29-2018 08:30:23,F2T,75.38
12-29-2018 08:30:23,F2H,43.30
12-29-2018 09:00:01,F10,787
12-29-2018 09:00:01,F1T,84.02
12-29-2018 09:00:01,F1H,29.20
12-29-2018 09:00:09,N10,365
12-29-2018 09:00:09,N11,332
12-29-2018 09:00:09,N12,320
12-29-2018 09:00:09,N1T,82.76
12-29-2018 09:00:09,N1H,99.90
12-29-2018 09:00:16,P10,552
12-29-2018 09:00:16,P11,504
12-29-2018 09:00:16,P12,409
12-29-2018 09:00:16,P1T,71.96
12-29-2018 09:00:16,P1H,50.90
12-29-2018 09:00:23,F20,678
12-29-2018 09:00:23,F2T,75.02
12-29-2018 09:00:23,F2H,43.30
12-29-2018 09:30:01,F10,803
12-29-2018 09:30:01,F1T,84.20
12-29-2018 09:30:01,F1H,29.20
12-29-2018 09:30:08,N10,365
12-29-2018 09:30:08,N11,330
12-29-2018 09:30:08,N12,314
12-29-2018 09:30:08,N1T,82.76
12-29-2018 09:30:08,N1H,99.90
12-29-2018 09:30:16,P10,545
12-29-2018 09:30:16,P11,488
12-29-2018 09:30:16,P12,412
12-29-2018 09:30:16,P1T,71.96
12-29-2018 09:30:16,P1H,49.60
12-29-2018 09:30:23,F20,675
12-29-2018 09:30:23,F2T,74.84
12-29-2018 09:30:23,F2H,43.70
12-29-2018 10:00:02,F10,812
12-29-2018 10:00:02,F1T,84.20
12-29-2018 10:00:02,F1H,29.20
12-29-2018 10:00:09,N10,365
12-29-2018 10:00:09,N11,331
12-29-2018 10:00:09,N12,312
12-29-2018 10:00:09,N1T,83.12
12-29-2018 10:00:09,N1H,99.90
12-29-2018 10:00:16,P10,552
12-29-2018 10:00:16,P11,492
12-29-2018 10:00:16,P12,416
12-29-2018 10:00:16,P1T,71.96
12-29-2018 10:00:16,P1H,51.80
12-29-2018 10:00:24,F20,675
12-29-2018 10:00:24,F2T,75.38
12-29-2018 10:00:24,F2H,43.10
12-29-2018 10:30:01,F10,828
12-29-2018 10:30:01,F1T,84.38
12-29-2018 10:30:01,F1H,29.20
12-29-2018 10:30:09,N10,363
12-29-2018 10:30:09,N11,329
12-29-2018 10:30:09,N12,317
12-29-2018 10:30:09,N1T,83.48
12-29-2018 10:30:09,N1H,99.90
12-29-2018 10:30:16,P10,555
12-29-2018 10:30:16,P11,494
12-29-2018 10:30:16,P12,409
12-29-2018 10:30:16,P1T,71.96
12-29-2018 10:30:16,P1H,52.30
12-29-2018 10:30:23,F20,676
12-29-2018 10:30:23,F2T,75.56
12-29-2018 10:30:23,F2H,43.10
12-29-2018 11:00:01,F10,820
12-29-2018 11:00:01,F1T,84.56
12-29-2018 11:00:01,F1H,29.10
12-29-2018 11:00:08,N10,366
12-29-2018 11:00:08,N11,328
12-29-2018 11:00:08,N12,310
12-29-2018 11:00:08,N1T,83.48
12-29-2018 11:00:08,N1H,99.90
12-29-2018 11:00:15,P10,557
12-29-2018 11:00:15,P11,490
12-29-2018 11:00:15,P12,423
12-29-2018 11:00:15,P1T,72.14
12-29-2018 11:00:15,P1H,49.70
12-29-2018 11:00:23,F20,680
12-29-2018 11:00:23,F2T,75.56
12-29-2018 11:00:23,F2H,43.10
12-29-2018 11:30:01,F10,815
12-29-2018 11:30:01,F1T,84.56
12-29-2018 11:30:01,F1H,29.00
12-29-2018 11:30:09,N10,366
12-29-2018 11:30:09,N11,330
12-29-2018 11:30:09,N12,316
12-29-2018 11:30:09,N1T,83.48
12-29-2018 11:30:09,N1H,99.90
12-29-2018 11:30:16,P10,544
12-29-2018 11:30:16,P11,495
12-29-2018 11:30:16,P12,424
12-29-2018 11:30:16,P1T,72.14
12-29-2018 11:30:16,P1H,53.10
12-29-2018 11:30:23,F20,678
12-29-2018 11:30:23,F2T,75.38
12-29-2018 11:30:23,F2H,43.00
12-29-2018 12:00:01,F10,821
12-29-2018 12:00:01,F1T,84.56
12-29-2018 12:00:01,F1H,29.00
12-29-2018 12:00:08,N10,363
12-29-2018 12:00:08,N11,329
12-29-2018 12:00:08,N12,311
12-29-2018 12:00:08,N1T,83.48
12-29-2018 12:00:08,N1H,99.90
12-29-2018 12:00:16,P10,548
12-29-2018 12:00:16,P11,492
12-29-2018 12:00:16,P12,423
12-29-2018 12:00:16,P1T,72.14
12-29-2018 12:00:16,P1H,52.00
12-29-2018 12:00:23,F20,680
12-29-2018 12:00:23,F2T,75.38
12-29-2018 12:00:23,F2H,43.00
12-29-2018 12:30:01,F10,829
12-29-2018 12:30:01,F1T,84.56
12-29-2018 12:30:01,F1H,28.80
12-29-2018 12:30:09,N10,362
12-29-2018 12:30:09,N11,329
12-29-2018 12:30:09,N12,312
12-29-2018 12:30:09,N1T,83.48
12-29-2018 12:30:09,N1H,99.90
12-29-2018 12:30:16,P10,549
12-29-2018 12:30:16,P11,496
12-29-2018 12:30:16,P12,417
12-29-2018 12:30:16,P1T,72.14
12-29-2018 12:30:16,P1H,55.40
12-29-2018 12:30:23,F20,684
12-29-2018 12:30:23,F2T,75.74
12-29-2018 12:30:23,F2H,42.70
12-29-2018 13:00:01,F10,824
12-29-2018 13:00:01,F1T,84.74
12-29-2018 13:00:01,F1H,29.20
12-29-2018 13:00:08,N10,365
12-29-2018 13:00:08,N11,331
12-29-2018 13:00:08,N12,313
12-29-2018 13:00:08,N1T,83.66
12-29-2018 13:00:08,N1H,99.90
12-29-2018 13:00:16,P10,540
12-29-2018 13:00:16,P11,497
12-29-2018 13:00:16,P12,423
12-29-2018 13:00:16,P1T,72.14
12-29-2018 13:00:16,P1H,52.40
12-29-2018 13:00:23,F20,681
12-29-2018 13:00:23,F2T,75.56
12-29-2018 13:00:23,F2H,43.00
12-29-2018 13:30:02,F10,820
12-29-2018 13:30:02,F1T,84.74
12-29-2018 13:30:02,F1H,29.10
12-29-2018 13:30:09,N10,365
12-29-2018 13:30:09,N11,330
12-29-2018 13:30:09,N12,317
12-29-2018 13:30:09,N1T,83.66
12-29-2018 13:30:09,N1H,99.90
12-29-2018 13:30:16,P10,551
12-29-2018 13:30:16,P11,502
12-29-2018 13:30:16,P12,419
12-29-2018 13:30:16,P1T,72.14
12-29-2018 13:30:16,P1H,50.80
12-29-2018 13:30:24,F20,682
12-29-2018 13:30:24,F2T,75.74
12-29-2018 13:30:24,F2H,42.80
12-29-2018 14:00:01,F10,830
12-29-2018 14:00:01,F1T,84.74
12-29-2018 14:00:01,F1H,29.00
12-29-2018 14:00:09,N10,364
12-29-2018 14:00:09,N11,331
12-29-2018 14:00:09,N12,312
12-29-2018 14:00:09,N1T,83.84
12-29-2018 14:00:09,N1H,99.90
12-29-2018 14:00:16,P10,548
12-29-2018 14:00:16,P11,509
12-29-2018 14:00:16,P12,418
12-29-2018 14:00:16,P1T,72.14
12-29-2018 14:00:16,P1H,52.70
12-29-2018 14:00:23,F20,686
12-29-2018 14:00:23,F2T,76.10
12-29-2018 14:00:23,F2H,42.80
